,playlist_id,playlist_name,position,album_name,album_id,album_release_date,album_artists,album_artists_ids,album_artists_genres,album_artists_popularity,album_artists_followers,track_name,track_id,track_popularity,track_artists,track_artists_ids,track_artists_genres,track_artists_popularity,track_explicit,track_artists_followers,danceability,energy,key,speechiness,loudness,mode,acousticness,instrumentalness,liveness,valence,tempo,duration_ms,time_signature
0,0n3V7u9sMRV7sCDMhWxDtL,Billboard 200 Top Albums 2019,1,"WHEN WE ALL FALL ASLEEP, WHERE DO WE GO?",0S0KGZnfBGSIssfF54WSJh,2019-03-29,Billie Eilish,['6qqNVTkY8uBg9cP3Jd7DAH'],"[['art pop', 'electropop', 'pop']]",[93],[55712878],when the party's over,43zdsphuZLzwA9k4DJhU0I,84,['Billie Eilish'],['6qqNVTkY8uBg9cP3Jd7DAH'],"[['art pop', 'electropop', 'pop']]",[93],False,[55712878],0.367,0.111,4,0.0972,-14.084,1,0.978,3.97e-05,0.0897,0.198,82.642,196077,4
1,0n3V7u9sMRV7sCDMhWxDtL,Billboard 200 Top Albums 2019,2,"thank u, next",2fYhqwDWXjbpjaIJPEfKFw,2019-02-08,['Ariana Grande'],['66CXWjxzNUsdJxJ2JdwvnR'],"[['dance pop', 'pop']]",[94],[74818140],7 rings,6ocbgoVGwYJhOv1GgI9NsF,86,['Ariana Grande'],['66CXWjxzNUsdJxJ2JdwvnR'],"[['dance pop', 'pop']]",[94],True,[74818140],0.778,0.317,1,0.334,-10.732,0,0.592,0.0,0.0881,0.327,140.048,178627,4
2,0n3V7u9sMRV7sCDMhWxDtL,Billboard 200 Top Albums 2019,3,A Star Is Born Soundtrack,4sLtOBOzn4s3GDUv3c5oJD,2018-10-05,"['Lady Gaga', 'Bradley Cooper']","['1HY2Jd0NmPuamShAr6KMms', '4VIvfOurcf0vuLRxLkGnIG']","[['art pop', 'dance pop', 'pop'], ['hollywood']]","[87, 74]","[20766418, 193995]",Shallow,2VxeLyX666F8uXCJ0dZF8B,86,"['Lady Gaga', 'Bradley Cooper']","['1HY2Jd0NmPuamShAr6KMms', '4VIvfOurcf0vuLRxLkGnIG']","[['art pop', 'dance pop', 'pop'], ['hollywood']]","[87, 74]",False,"[20766418, 193995]",0.572,0.385,7,0.0308,-6.362,1,0.371,0.0,0.231,0.323,95.799,215733,4
3,0n3V7u9sMRV7sCDMhWxDtL,Billboard 200 Top Albums 2019,4,Lover,1NAmidJlEaVgA3MpcPFYGq,2019-08-23,['Taylor Swift'],['06HL4z0CvFAxyc27GXpf02'],[['pop']],[98],[48097228],ME! (feat. Brendon Urie of Panic! At The Disco),2Rk4JlNc2TPmZe2af99d45,78,"['Taylor Swift', 'Brendon Urie', 'Panic! At The Disco']",['06HL4z0CvFAxyc27GXpf02'],[['pop']],[98],False,[48097228],0.61,0.83,0,0.0571,-4.105,1,0.033,0.0,0.118,0.728,182.162,193000,4
4,0n3V7u9sMRV7sCDMhWxDtL,Billboard 200 Top Albums 2019,5,beerbongs & bentleys,6trNtQUgC8cgbWcqoMYkOR,2018-04-27,['Post Malone'],['246dkjvS1zLTtiykXe5h60'],"[['dfw rap', 'melodic rap', 'rap']]",[92],[35612420],rockstar (feat. 21 Savage),0e7ipj03S05BNilyu5bRzt,86,"['Post Malone', '21 Savage']",['246dkjvS1zLTtiykXe5h60'],"[['dfw rap', 'melodic rap', 'rap']]",[92],True,[35612420],0.585,0.52,5,0.0712,-6.136,0,0.124,7.01e-05,0.131,0.129,159.801,218147,4
5,0n3V7u9sMRV7sCDMhWxDtL,Billboard 200 Top Albums 2019,6,Scorpion,1ATL5GLyefJaxhQzSPVrLX,2018-06-29,['Drake'],['3TVXtAsR1Inumwj472S9r4'],"[['canadian hip hop', 'canadian pop', 'hip hop', 'rap', 'toronto rap']]",[98],[60310746],God's Plan,6DCZcSspjsKoFjzjrWoCdn,84,['Drake'],['3TVXtAsR1Inumwj472S9r4'],"[['canadian hip hop', 'canadian pop', 'hip hop', 'rap', 'toronto rap']]",[98],True,[60310746],0.754,0.449,7,0.109,-9.211,1,0.0332,8.29e-05,0.552,0.357,77.169,198973,4
6,0n3V7u9sMRV7sCDMhWxDtL,Billboard 200 Top Albums 2019,7,Championships,6UYZEYjpN1DYRW0kqFy9ZE,2018-11-30,['Meek Mill'],['20sxb77xiYeusSH8cVdatc'],"[['hip hop', 'philly rap', 'pop rap', 'rap', 'southern hip hop', 'trap']]",[81],[5768862],Going Bad (feat. Drake),2IRZnDFmlqMuOrYOLnZZyc,81,"['Meek Mill', 'Drake']",['20sxb77xiYeusSH8cVdatc'],"[['hip hop', 'philly rap', 'pop rap', 'rap', 'southern hip hop', 'trap']]",[81],True,[5768862],0.889,0.496,4,0.0905,-6.365,0,0.259,0.0,0.252,0.544,86.003,180522,4
7,0n3V7u9sMRV7sCDMhWxDtL,Billboard 200 Top Albums 2019,8,ASTROWORLD,41GuZcammIkupMPKH2OJ6I,2018-08-03,['Travis Scott'],['0Y5tJX1MQlPlqiwlOH1tJY'],"[['rap', 'slap house']]",[92],[19574893],SICKO MODE,2xLMifQCjDGFmkHkpNLD9h,84,['Travis Scott'],['0Y5tJX1MQlPlqiwlOH1tJY'],"[['rap', 'slap house']]",[92],True,[19574893],0.834,0.73,8,0.222,-3.714,1,0.00513,0.0,0.124,0.446,155.008,312820,4
8,0n3V7u9sMRV7sCDMhWxDtL,Billboard 200 Top Albums 2019,9,Hollywood's Bleeding,4g1ZRSobMefqF6nelkgibi,2019-09-06,['Post Malone'],['246dkjvS1zLTtiykXe5h60'],"[['dfw rap', 'melodic rap', 'rap']]",[92],[35612420],Sunflower - Spider-Man: Into the Spider-Verse,0RiRZpuVRbi7oqRdSMwhQY,82,"['Post Malone', 'Swae Lee']",['246dkjvS1zLTtiykXe5h60'],"[['dfw rap', 'melodic rap', 'rap']]",[92],False,[35612420],0.755,0.522,2,0.0575,-4.368,1,0.533,0.0,0.0685,0.925,89.96,157560,4
9,0n3V7u9sMRV7sCDMhWxDtL,Billboard 200 Top Albums 2019,10,Hoodie SZN,3r5hf3Cj3EMh1C2saQ8jyt,2018-12-21,['A Boogie Wit da Hoodie'],['31W5EY0aAly4Qieq6OFu6I'],"[['melodic rap', 'rap', 'trap']]",[86],[6223675],Swervin (feat. 6ix9ine),1wJRveJZLSb1rjhnUHQiv6,79,"['A Boogie Wit da Hoodie', '6ix9ine']",['31W5EY0aAly4Qieq6OFu6I'],"[['melodic rap', 'rap', 'trap']]",[86],True,[6223675],0.581,0.662,9,0.303,-5.239,1,0.0153,0.0,0.111,0.434,93.023,189487,4
10,0n3V7u9sMRV7sCDMhWxDtL,Billboard 200 Top Albums 2019,11,This One's for You,1lhNch5NkOONvFhRPh8qaj,2017-06-02,['Luke Combs'],['718COspgdWOnwOFpJHRZHS'],"[['contemporary country', 'country']]",[83],[6057090],Hurricane,6xHI9KjUjYT0FPtGO8Mxa1,76,['Luke Combs'],['718COspgdWOnwOFpJHRZHS'],"[['contemporary country', 'country']]",[83],False,[6057090],0.464,0.813,10,0.0416,-6.185,1,0.0153,0.0,0.254,0.515,75.977,222533,4
11,0n3V7u9sMRV7sCDMhWxDtL,Billboard 200 Top Albums 2019,12,Bohemian Rhapsody (The Original Soundtrack),3BHe7LbW5yRjyqXNJ3A6mW,2018-10-19,['Queen'],['1dfeR4HaWDbWqFHLkxsg1d'],"[['classic rock', 'glam rock', 'rock']]",[88],[39227023],The Show Must Go On - 2011 Remaster,0LCWyLFPXIeg1CIC1NS712,40,['Queen'],['1dfeR4HaWDbWqFHLkxsg1d'],"[['classic rock', 'glam rock', 'rock']]",[88],False,[39227023],0.425,0.675,11,0.0409,-6.79,0,0.433,4.51e-06,0.112,0.0671,84.156,271612,4
12,0n3V7u9sMRV7sCDMhWxDtL,Billboard 200 Top Albums 2019,13,Free Spirit,6KT8x5oqZJl9CcnM66hddo,2019-04-05,['Khalid'],['6LuN9FCkKOj5PcnpouEgny'],"[['pop', 'pop r&b']]",[89],[14798056],Talk (feat. Disclosure),6TqXcAFInzjp0bODyvrWEq,74,"['Khalid', 'Disclosure']",['6LuN9FCkKOj5PcnpouEgny'],"[['pop', 'pop r&b']]",[89],False,[14798056],0.9,0.4,0,0.127,-8.575,1,0.0516,0.0,0.0599,0.346,135.984,197573,4
13,0n3V7u9sMRV7sCDMhWxDtL,Billboard 200 Top Albums 2019,14,The Greatest Showman (Original Motion Picture Soundtrack),7ayBZIe1FHkNv0T5xFCX6F,2017-12-08,['Various Artists'],['0LyfQWJT6nXafLPZqxe9Of'],[[]],[0],[1447145],This Is Me,45aBsnKRWUzhwbcqOJLwfe,76,"['Keala Settle', 'The Greatest Showman Ensemble']",['0LyfQWJT6nXafLPZqxe9Of'],[[]],[0],False,[1447145],0.284,0.704,2,0.186,-7.276,1,0.00583,0.000115,0.0424,0.1,191.702,234707,4
14,0n3V7u9sMRV7sCDMhWxDtL,Billboard 200 Top Albums 2019,15,Spider-Man: Into the Spider-Verse (Soundtrack From & Inspired by the Motion Picture),35s58BRTGAEWztPo9WqCIs,2018-12-14,['Various Artists'],['0LyfQWJT6nXafLPZqxe9Of'],[[]],[0],[1447145],Sunflower - Spider-Man: Into the Spider-Verse,3KkXRkHbMCARz0aVfEt68P,87,"['Post Malone', 'Swae Lee']",['0LyfQWJT6nXafLPZqxe9Of'],[[]],[0],False,[1447145],0.76,0.479,2,0.0466,-5.574,1,0.556,0.0,0.0703,0.913,89.911,158040,4
15,0n3V7u9sMRV7sCDMhWxDtL,Billboard 200 Top Albums 2019,16,dont smile at me,7fRrTyKvE4Skh93v97gtcU,2017-12-22,['Billie Eilish'],['6qqNVTkY8uBg9cP3Jd7DAH'],"[['art pop', 'electropop', 'pop']]",[93],[55712878],ocean eyes,7hDVYcQq6MxkdJGweuCtl9,81,['Billie Eilish'],['6qqNVTkY8uBg9cP3Jd7DAH'],"[['art pop', 'electropop', 'pop']]",[93],False,[55712878],0.511,0.363,4,0.041,-7.65,0,0.816,0.0317,0.084,0.169,144.892,200379,4
16,0n3V7u9sMRV7sCDMhWxDtL,Billboard 200 Top Albums 2019,17,Goodbye & Good Riddance,6tkjU4Umpo79wwkgPMV3nZ,2018-12-10,['Juice WRLD'],['4MCBfE4596Uoi2O4DtmEMz'],"[['chicago rap', 'melodic rap']]",[96],[21889473],Lucid Dreams,285pBltuF7vW8TeWk8hdRR,87,['Juice WRLD'],['4MCBfE4596Uoi2O4DtmEMz'],"[['chicago rap', 'melodic rap']]",[96],True,[21889473],0.511,0.566,6,0.2,-7.23,0,0.349,0.0,0.34,0.218,83.903,239836,4
17,0n3V7u9sMRV7sCDMhWxDtL,Billboard 200 Top Albums 2019,18,i am > i was,007DWn799UWvfY1wwZeENR,2018-12-21,['21 Savage'],['1URnnhqYAYcrqrcwql10ft'],"[['atl hip hop', 'rap', 'trap']]",[89],[10663592],ball w/o you,50a8bKqlwDEqeiEknrzkTO,78,['21 Savage'],['1URnnhqYAYcrqrcwql10ft'],"[['atl hip hop', 'rap', 'trap']]",[89],True,[10663592],0.892,0.633,8,0.0902,-7.471,1,0.0467,0.000189,0.139,0.459,137.994,195047,4
18,0n3V7u9sMRV7sCDMhWxDtL,Billboard 200 Top Albums 2019,19,Invasion of Privacy,4sDAyYEMhD2YyREWKxj3aD,2018-04-05,['Cardi B'],['4kYSro6naA4h99UJvo89HB'],"[['dance pop', 'pop', 'pop rap', 'rap']]",[86],[19014343],I Like It,3bsycjdQtbcJeR6822SBvd,51,"['Cardi B', 'Bad Bunny', 'J Balvin']",['4kYSro6naA4h99UJvo89HB'],"[['dance pop', 'pop', 'pop rap', 'rap']]",[86],False,[19014343],0.814,0.721,5,0.136,-4.026,0,0.0981,0.0,0.378,0.643,136.05,253390,4
19,0n3V7u9sMRV7sCDMhWxDtL,Billboard 200 Top Albums 2019,20,Cuz I Love You,6dFFcYQ8VhifgdKgYY5LYL,2019-04-19,['Lizzo'],['56oDRnqbIiwx4mymNEv7dS'],"[['dance pop', 'escape room', 'minnesota hip hop', 'pop', 'trap queen']]",[76],[4320655],Juice,0k664IuFwVP557Gnx7RhIl,77,['Lizzo'],['56oDRnqbIiwx4mymNEv7dS'],"[['dance pop', 'escape room', 'minnesota hip hop', 'pop', 'trap queen']]",[76],True,[4320655],0.767,0.889,7,0.0963,-2.988,1,0.00611,0.0,0.402,0.843,119.93,195145,4
20,0n3V7u9sMRV7sCDMhWxDtL,Billboard 200 Top Albums 2019,21,?,2Ti79nwTsont5ZHfdxIzAm,2018-03-16,['XXXTENTACION'],['15UsOTVnJzReFVN1VCnxy4'],"[['emo rap', 'miami hip hop']]",[91],[33973036],SAD!,3ee8Jmje8o58CHK66QrVC2,86,['XXXTENTACION'],['15UsOTVnJzReFVN1VCnxy4'],"[['emo rap', 'miami hip hop']]",[91],True,[33973036],0.74,0.613,8,0.145,-4.88,1,0.258,0.00372,0.123,0.473,75.023,166606,4
21,0n3V7u9sMRV7sCDMhWxDtL,Billboard 200 Top Albums 2019,22,Death Race For Love,1GYVNOzwhx1nMcIJDogSNp,2019-03-08,['Juice WRLD'],['4MCBfE4596Uoi2O4DtmEMz'],"[['chicago rap', 'melodic rap']]",[96],[21889473],Robbery,6Hj9jySrnFppAI0sEMCZpJ,85,['Juice WRLD'],['4MCBfE4596Uoi2O4DtmEMz'],"[['chicago rap', 'melodic rap']]",[96],True,[21889473],0.685,0.692,2,0.0457,-5.122,1,0.328,0.0,0.153,0.578,159.966,240051,5
22,0n3V7u9sMRV7sCDMhWxDtL,Billboard 200 Top Albums 2019,23,Drip Harder,2yXnY2NiaZk9QiJJittS81,2018-10-05,"['Lil Baby', 'Gunna']","['5f7VJjfbwm532GiveGC0ZK', '2hlmm7s2ICUX0LVIhVFlZQ']","[['atl hip hop', 'atl trap', 'rap', 'trap'], ['atl hip hop', 'melodic rap', 'rap', 'trap']]","[92, 92]","[9328587, 3838406]",Drip Too Hard (Lil Baby & Gunna),78QR3Wp35dqAhFEc2qAGjE,84,"['Lil Baby', 'Gunna']","['5f7VJjfbwm532GiveGC0ZK', '2hlmm7s2ICUX0LVIhVFlZQ']","[['atl hip hop', 'atl trap', 'rap', 'trap'], ['atl hip hop', 'melodic rap', 'rap', 'trap']]","[92, 92]",True,"[9328587, 3838406]",0.897,0.662,1,0.292,-6.903,0,0.0852,0.0,0.534,0.389,112.511,145543,4
23,0n3V7u9sMRV7sCDMhWxDtL,Billboard 200 Top Albums 2019,24,Stoney (Deluxe),5s0rmjP8XOPhP6HhqOhuyC,2016-12-09,['Post Malone'],['246dkjvS1zLTtiykXe5h60'],"[['dfw rap', 'melodic rap', 'rap']]",[92],[35612420],Congratulations,3a1lNhkSLSkpJE4MSHpDu9,83,"['Post Malone', 'Quavo']",['246dkjvS1zLTtiykXe5h60'],"[['dfw rap', 'melodic rap', 'rap']]",[92],True,[35612420],0.63,0.804,6,0.0363,-4.183,1,0.215,0.0,0.253,0.492,123.146,220293,4
24,0n3V7u9sMRV7sCDMhWxDtL,Billboard 200 Top Albums 2019,25,Happiness Begins,1Uf67JAtkVWfdydzFFqNF2,2019-06-07,['Jonas Brothers'],['7gOdHgIoIKoe4i9Tta6qdD'],"[['boy band', 'dance pop', 'pop', 'post-teen pop']]",[81],[5919517],Sucker,22vgEDb5hykfaTwLuskFGD,82,['Jonas Brothers'],['7gOdHgIoIKoe4i9Tta6qdD'],"[['boy band', 'dance pop', 'pop', 'post-teen pop']]",[81],False,[5919517],0.842,0.734,1,0.0588,-5.065,0,0.0427,0.0,0.106,0.952,137.958,181027,4
25,0n3V7u9sMRV7sCDMhWxDtL,Billboard 200 Top Albums 2019,26,Dan + Shay,0g1F5eGVwX4Sxi1n8ojPkE,2018-06-22,['Dan + Shay'],['7z5WFjZAIYejWy0NI5lv4T'],"[['contemporary country', 'country', 'pop']]",[78],[2514429],Tequila,42fw0rxRO2xbesF6mJfd4Y,74,['Dan + Shay'],['7z5WFjZAIYejWy0NI5lv4T'],"[['contemporary country', 'country', 'pop']]",[78],False,[2514429],0.489,0.581,11,0.0281,-5.731,1,0.0312,0.0,0.132,0.494,86.016,196747,4
26,0n3V7u9sMRV7sCDMhWxDtL,Billboard 200 Top Albums 2019,27,Greatest Hits,6a8nlV9V8kPUbTTCJNVSsh,2014,['Queen'],['1dfeR4HaWDbWqFHLkxsg1d'],"[['classic rock', 'glam rock', 'rock']]",[88],[39227023],Bohemian Rhapsody - Remastered 2011,6ljkRMigoNtu0x1mlTEsKc,36,['Queen'],['1dfeR4HaWDbWqFHLkxsg1d'],"[['classic rock', 'glam rock', 'rock']]",[88],False,[39227023],0.393,0.398,0,0.0514,-9.973,0,0.256,0.0,0.195,0.236,143.353,355467,4
27,0n3V7u9sMRV7sCDMhWxDtL,Billboard 200 Top Albums 2019,28,Baby On Baby,0O1PJ0t69iTO5yWrIeIga0,2019-03-01,['DaBaby'],['4r63FhuTkUYltbVAg5TQnk'],"[['north carolina hip hop', 'rap', 'trap']]",[89],[8923737],Suge,2gwkD6igEhQbDQegRCcdoB,76,['DaBaby'],['4r63FhuTkUYltbVAg5TQnk'],"[['north carolina hip hop', 'rap', 'trap']]",[89],True,[8923737],0.876,0.662,2,0.426,-6.482,0,0.0608,0.0,0.127,0.844,75.445,163320,4
28,0n3V7u9sMRV7sCDMhWxDtL,Billboard 200 Top Albums 2019,29,Hamilton (Original Broadway Cast Recording),1kCHru7uhxBUdzkm4gzRQc,2015-09-25,['Lin-Manuel Miranda'],['4aXXDj9aZnlshx7mzj3W1N'],"[['hollywood', 'show tunes']]",[78],[485419],Alexander Hamilton,4TTV7EcfroSLWzXRY6gLv6,73,"['Leslie Odom Jr.', 'Anthony Ramos', 'Daveed Diggs', 'Okieriete Onaodowan', 'Lin-Manuel Miranda', 'Phillipa Soo', 'Original Broadway Cast of Hamilton']",['4aXXDj9aZnlshx7mzj3W1N'],"[['hollywood', 'show tunes']]",[78],False,[485419],0.609,0.435,11,0.285,-7.861,0,0.522,0.0,0.118,0.552,131.995,236738,4
29,0n3V7u9sMRV7sCDMhWxDtL,Billboard 200 Top Albums 2019,30,Look Up Child,6pmoTLfsPpn0wisT3YFJSN,2018-09-07,['Lauren Daigle'],['40LHVA5BTQp9RxHOQ9JPYj'],"[['ccm', 'christian music', 'worship']]",[73],[1956217],You Say,6Up545NUflOiXo8cEraH49,77,['Lauren Daigle'],['40LHVA5BTQp9RxHOQ9JPYj'],"[['ccm', 'christian music', 'worship']]",[73],False,[1956217],0.494,0.632,5,0.0342,-6.89,1,0.682,0.0,0.0869,0.0797,147.873,274693,4
30,0n3V7u9sMRV7sCDMhWxDtL,Billboard 200 Top Albums 2019,31,รท (Deluxe),3T4tUhGYeRNVUGevb0wThu,2017-03-03,['Ed Sheeran'],['6eUKZXaKkcviH0Ku9w2n3V'],"[['pop', 'uk pop']]",[96],[91177982],Shape of You,7qiZfU4dY1lWllzX7mPBI3,87,['Ed Sheeran'],['6eUKZXaKkcviH0Ku9w2n3V'],"[['pop', 'uk pop']]",[96],False,[91177982],0.825,0.652,1,0.0802,-3.183,0,0.581,0.0,0.0931,0.931,95.977,233713,4
31,0n3V7u9sMRV7sCDMhWxDtL,Billboard 200 Top Albums 2019,32,Sweetener,3tx8gQqWbGwqIGZHqDNrGe,2018-08-17,['Ariana Grande'],['66CXWjxzNUsdJxJ2JdwvnR'],"[['dance pop', 'pop']]",[94],[74818140],no tears left to cry,2qT1uLXPVPzGgFOx4jtEuo,80,['Ariana Grande'],['66CXWjxzNUsdJxJ2JdwvnR'],"[['dance pop', 'pop']]",[94],False,[74818140],0.699,0.713,9,0.0594,-5.507,0,0.04,3.11e-06,0.294,0.354,121.993,205920,4
32,0n3V7u9sMRV7sCDMhWxDtL,Billboard 200 Top Albums 2019,33,Dying to Live,5n1GSzC1Reao29ScnpLYqp,2018-12-14,['Kodak Black'],['46SHBwWsqBkxI7EeeBEQG7'],"[['florida rap', 'hip hop', 'melodic rap', 'miami hip hop', 'rap', 'trap']]",[86],[7684818],ZEZE (feat. Travis Scott & Offset),0FZ4Dmg8jJJAPJnvBIzD9z,80,"['Kodak Black', 'Offset', 'Travis Scott']",['46SHBwWsqBkxI7EeeBEQG7'],"[['florida rap', 'hip hop', 'melodic rap', 'miami hip hop', 'rap', 'trap']]",[86],True,[7684818],0.861,0.603,8,0.176,-5.788,0,0.0521,0.0,0.0924,0.504,98.043,228760,4
33,0n3V7u9sMRV7sCDMhWxDtL,Billboard 200 Top Albums 2019,34,Diamonds (Deluxe),1uzIyRT1QxDx4fMIX0UiAE,2017-11-10,['Elton John'],['3PhoLpVuITZKcymswpck5b'],"[['glam rock', 'mellow gold', 'piano rock']]",[90],[8581176],Rocket Man (I Think It's Going To Be A Long Long Time) - Remastered,2HlCoznsLUjxP3Plgn12bf,54,['Elton John'],['3PhoLpVuITZKcymswpck5b'],"[['glam rock', 'mellow gold', 'piano rock']]",[90],False,[8581176],0.605,0.559,10,0.0279,-7.803,1,0.452,2.28e-06,0.0962,0.334,136.747,282000,4
34,0n3V7u9sMRV7sCDMhWxDtL,Billboard 200 Top Albums 2019,35,No.6 Collaborations Project,3oIFxDIo2fwuk4lwCmFZCx,2019-07-12,['Ed Sheeran'],['6eUKZXaKkcviH0Ku9w2n3V'],"[['pop', 'uk pop']]",[96],[91177982],I Don't Care (with Justin Bieber),0hVXuCcriWRGvwMV1r5Yn9,76,"['Ed Sheeran', 'Justin Bieber']",['6eUKZXaKkcviH0Ku9w2n3V'],"[['pop', 'uk pop']]",[96],False,[91177982],0.798,0.676,6,0.0442,-5.041,1,0.0902,0.0,0.0894,0.843,101.956,219947,4
35,0n3V7u9sMRV7sCDMhWxDtL,Billboard 200 Top Albums 2019,36,American Teen,6kf46HbnYCZzP6rjvQHYzg,2017-04-27,['Khalid'],['6LuN9FCkKOj5PcnpouEgny'],"[['pop', 'pop r&b']]",[89],[14798056],Young Dumb & Broke,5Z3GHaZ6ec9bsiI5BenrbY,82,['Khalid'],['6LuN9FCkKOj5PcnpouEgny'],"[['pop', 'pop r&b']]",[89],False,[14798056],0.799,0.539,1,0.0421,-6.351,1,0.199,1.66e-05,0.165,0.394,136.948,202547,4
36,0n3V7u9sMRV7sCDMhWxDtL,Billboard 200 Top Albums 2019,37,Indigo,1BfLzaTFI5qKsAAk0Ae6aV,2019-06-28,['Chris Brown'],['7bXgB6jMjp9ATFy66eO08Z'],"[['dance pop', 'pop', 'pop rap', 'r&b', 'rap']]",[90],[15241131],No Guidance (feat. Drake),6XHVuErjQ4XNm6nDPVCxVX,81,"['Chris Brown', 'Drake']",['7bXgB6jMjp9ATFy66eO08Z'],"[['dance pop', 'pop', 'pop rap', 'r&b', 'rap']]",[90],True,[15241131],0.696,0.454,1,0.153,-6.756,0,0.123,0.0,0.155,0.136,92.928,260640,4
37,0n3V7u9sMRV7sCDMhWxDtL,Billboard 200 Top Albums 2019,38,Shawn Mendes,2VP96XdMOKTXefI8Nui23s,2018-05-25,['Shawn Mendes'],['7n2wHs1TKAczGzO7Dd2rGr'],"[['canadian pop', 'dance pop', 'pop', 'viral pop']]",[89],[36157474],In My Blood,2QZ7WLBE8h2y1Y5Fb8RYbH,78,['Shawn Mendes'],['7n2wHs1TKAczGzO7Dd2rGr'],"[['canadian pop', 'dance pop', 'pop', 'viral pop']]",[89],False,[36157474],0.622,0.712,5,0.066,-7.321,1,0.0573,0.0,0.13,0.487,140.025,211360,4
38,0n3V7u9sMRV7sCDMhWxDtL,Billboard 200 Top Albums 2019,39,Pray for the Wicked,6ApYSpXF8GxZAgBTHDzYge,2018-06-22,['Panic! At The Disco'],['20JZFwl6HVl6yg8a4H3ZqK'],"[['modern rock', 'rock']]",[81],[11130182],High Hopes,1rqqCSm0Qe4I9rUvWncaom,83,['Panic! At The Disco'],['20JZFwl6HVl6yg8a4H3ZqK'],"[['modern rock', 'rock']]",[81],False,[11130182],0.579,0.904,5,0.0618,-2.729,1,0.193,0.0,0.064,0.681,82.014,190947,4
39,0n3V7u9sMRV7sCDMhWxDtL,Billboard 200 Top Albums 2019,40,Tha Carter V,50yFYgKdwJANZ5O9MIbMkg,2018-09-28,['Lil Wayne'],['55Aa2cqylxrFIXC767Z865'],"[['hip hop', 'new orleans rap', 'pop rap', 'rap', 'trap']]",[90],[11428360],Uproar,3wScL5W8H40zzCKN0atfBk,71,"['Lil Wayne', 'Swizz Beatz']",['55Aa2cqylxrFIXC767Z865'],"[['hip hop', 'new orleans rap', 'pop rap', 'rap', 'trap']]",[90],True,[11428360],0.743,0.87,1,0.212,-2.188,1,0.0595,0.0,0.299,0.884,99.079,194184,4
40,0n3V7u9sMRV7sCDMhWxDtL,Billboard 200 Top Albums 2019,41,Ella Mai,67ErXRS9s9pVG8JmFbrdJ0,2018-10-12,['Ella Mai'],['7HkdQ0gt53LP4zmHsL0nap'],"[['dance pop', 'pop', 'pop r&b', 'pop rap', 'r&b', 'uk contemporary r&b', 'urban contemporary']]",[73],[4076571],Trip,6CTWathupIiDs7U4InHnDA,76,['Ella Mai'],['7HkdQ0gt53LP4zmHsL0nap'],"[['dance pop', 'pop', 'pop r&b', 'pop rap', 'r&b', 'uk contemporary r&b', 'urban contemporary']]",[73],False,[4076571],0.477,0.61,11,0.144,-5.628,0,0.225,0.0,0.107,0.358,79.882,213993,4
41,0n3V7u9sMRV7sCDMhWxDtL,Billboard 200 Top Albums 2019,42,Experiment Extended,4yf4bD1iM96hBH6aIc6SaF,2019-11-01,['Kane Brown'],['3oSJ7TBVCWMDMiYjXNiCKE'],"[['black americana', 'contemporary country', 'country road']]",[79],[3839055],Good as You,19kUPdKTp85q9RZNwaXM15,69,['Kane Brown'],['3oSJ7TBVCWMDMiYjXNiCKE'],"[['black americana', 'contemporary country', 'country road']]",[79],False,[3839055],0.626,0.516,8,0.0388,-6.05,1,0.4,0.0,0.142,0.769,153.653,192053,4
42,0n3V7u9sMRV7sCDMhWxDtL,Billboard 200 Top Albums 2019,43,X 100PRE,7CjJb2mikwAWA1V6kewFBF,2018-12-23,['Bad Bunny'],['4q3ewBCX7sLwd24euuV69X'],"[['latin', 'reggaeton', 'trap latino']]",[98],[42429544],MIA,3gE4eQH3K83Sght0ZLvuBK,64,"['Bad Bunny', 'Drake']",['4q3ewBCX7sLwd24euuV69X'],"[['latin', 'reggaeton', 'trap latino']]",[98],False,[42429544],0.816,0.538,6,0.0617,-6.354,0,0.0142,0.000496,0.099,0.156,97.054,210368,4
43,0n3V7u9sMRV7sCDMhWxDtL,Billboard 200 Top Albums 2019,44,Origins (Deluxe),3JfSxDfmwS5OeHPwLSkrfr,2018-11-09,['Imagine Dragons'],['53XhwfbYqKCa1cC15pYq2q'],"[['modern rock', 'rock']]",[92],[37836253],Natural,2FY7b99s15jUprqC0M5NCT,83,['Imagine Dragons'],['53XhwfbYqKCa1cC15pYq2q'],"[['modern rock', 'rock']]",[92],False,[37836253],0.704,0.611,2,0.0409,-6.112,1,0.217,0.0,0.0812,0.22,100.0,189467,4
44,0n3V7u9sMRV7sCDMhWxDtL,Billboard 200 Top Albums 2019,45,Street Gossip,4iF44RCCybJtkBkMoqrLW2,2018-11-30,['Lil Baby'],['5f7VJjfbwm532GiveGC0ZK'],"[['atl hip hop', 'atl trap', 'rap', 'trap']]",[92],[9328587],Pure Cocaine,577YBGuskWkVDCxZrLRB4v,77,['Lil Baby'],['5f7VJjfbwm532GiveGC0ZK'],"[['atl hip hop', 'atl trap', 'rap', 'trap']]",[92],True,[9328587],0.964,0.487,10,0.421,-6.071,0,0.00127,6.57e-06,0.115,0.107,127.05,154024,4
45,0n3V7u9sMRV7sCDMhWxDtL,Billboard 200 Top Albums 2019,46,7 EP,4IRiXE5NROxknUSAUSjMoO,2019-06-21,['Lil Nas X'],['7jVv8c5Fj3E9VhNjxT4snq'],"[['lgbtq+ hip hop', 'pop']]",[90],[8977215],Old Town Road - Remix,2YpeDb67231RjR0MgVLzsG,82,"['Lil Nas X', 'Billy Ray Cyrus']",['7jVv8c5Fj3E9VhNjxT4snq'],"[['lgbtq+ hip hop', 'pop']]",[90],False,[8977215],0.878,0.619,6,0.102,-5.56,1,0.0533,0.0,0.113,0.639,136.041,157067,4
46,0n3V7u9sMRV7sCDMhWxDtL,Billboard 200 Top Albums 2019,47,NOT ALL HEROES WEAR CAPES (Deluxe),3IO8IPjwXuzPJnoaqkwYrj,2018-11-06,"['Metro Boomin', '21 Savage']","['0iEtIxbK0KxaSlF7G42ZOp', '1URnnhqYAYcrqrcwql10ft']","[['hip hop', 'rap', 'southern hip hop', 'trap'], ['atl hip hop', 'rap', 'trap']]","[82, 89]","[2804452, 10663592]",Space Cadet (feat. Gunna),1fewSx2d5KIZ04wsooEBOz,83,"['Metro Boomin', 'Gunna']","['0iEtIxbK0KxaSlF7G42ZOp', '1URnnhqYAYcrqrcwql10ft']","[['hip hop', 'rap', 'southern hip hop', 'trap'], ['atl hip hop', 'rap', 'trap']]","[82, 89]",True,"[2804452, 10663592]",0.901,0.464,5,0.0645,-9.789,0,0.368,1.71e-05,0.238,0.638,109.004,203267,4
47,0n3V7u9sMRV7sCDMhWxDtL,Billboard 200 Top Albums 2019,48,So Much Fun,1bnHPO4dKK7IjvgrtVBcQh,2019-08-16,['Young Thug'],['50co4Is1HCEo8bhOyUWKpn'],"[['atl hip hop', 'atl trap', 'gangster rap', 'hip hop', 'melodic rap', 'rap', 'trap']]",[90],[6891556],The London (feat. J. Cole & Travis Scott),3s4mrPrEFFPF0LmAfutW0n,70,"['Young Thug', 'J. Cole', 'Travis Scott']",['50co4Is1HCEo8bhOyUWKpn'],"[['atl hip hop', 'atl trap', 'gangster rap', 'hip hop', 'melodic rap', 'rap', 'trap']]",[90],True,[6891556],0.784,0.517,4,0.209,-8.981,0,0.0249,1.44e-06,0.155,0.206,97.991,200187,4
48,0n3V7u9sMRV7sCDMhWxDtL,Billboard 200 Top Albums 2019,49,Traveller,7lxHnls3yQNl8B9bILmHj7,2015-05-04,['Chris Stapleton'],['4YLtscXsxbVgi031ovDDdh'],"[['contemporary country', 'outlaw country']]",[81],[3964212],Tennessee Whiskey,3fqwjXwUGN6vbzIwvyFMhx,81,['Chris Stapleton'],['4YLtscXsxbVgi031ovDDdh'],"[['contemporary country', 'outlaw country']]",[81],False,[3964212],0.392,0.37,9,0.0298,-10.888,1,0.205,0.0096,0.0821,0.512,48.718,293293,4
49,0n3V7u9sMRV7sCDMhWxDtL,Billboard 200 Top Albums 2019,50,Evolve,33pt9HBdGlAbRGBHQgsZsU,2017-06-23,['Imagine Dragons'],['53XhwfbYqKCa1cC15pYq2q'],"[['modern rock', 'rock']]",[92],[37836253],Believer,0pqnGHJpmpxLKifKRmU6WP,89,['Imagine Dragons'],['53XhwfbYqKCa1cC15pYq2q'],"[['modern rock', 'rock']]",[92],False,[37836253],0.776,0.78,10,0.128,-4.374,0,0.0622,0.0,0.081,0.666,124.949,204347,4
50,0n3V7u9sMRV7sCDMhWxDtL,Billboard 200 Top Albums 2019,51,MAP OF THE SOUL : PERSONA,2KqlAl1Kl5fZvbFgJ0qFB6,2019-04-12,['BTS'],['3Nrfpe0tUJi4K4DXYWgMUX'],"[['k-pop', 'k-pop boy group']]",[96],[44488750],Boy With Luv (feat. Halsey),4a9tbd947vo9K8Vti9JwcI,81,"['BTS', 'Halsey']",['3Nrfpe0tUJi4K4DXYWgMUX'],"[['k-pop', 'k-pop boy group']]",[96],False,[44488750],0.645,0.862,11,0.0845,-4.761,0,0.0933,0.0,0.193,0.803,119.947,229773,4
51,0n3V7u9sMRV7sCDMhWxDtL,Billboard 200 Top Albums 2019,52,Kamikaze,3HNnxK7NgLXbDoxRZxNWiR,2018-08-31,['Eminem'],['7dGJo4pcD2V6oG8kP0tJRR'],"[['detroit hip hop', 'hip hop', 'rap']]",[93],[51409938],Lucky You (feat. Joyner Lucas),60SdxE8apGAxMiRrpbmLY0,76,"['Eminem', 'Joyner Lucas']",['7dGJo4pcD2V6oG8kP0tJRR'],"[['detroit hip hop', 'hip hop', 'rap']]",[93],True,[51409938],0.876,0.786,10,0.306,-4.884,0,0.0627,0.0,0.127,0.575,153.068,244679,4
52,0n3V7u9sMRV7sCDMhWxDtL,Billboard 200 Top Albums 2019,53,Victory Lap,3RZIk5CH4y187nGskxMrCf,2018-02-16,['Nipsey Hussle'],['0EeQBlQJFiAfJeVN2vT9s0'],"[['conscious hip hop', 'gangster rap', 'hip hop', 'pop rap', 'rap', 'southern hip hop', 'trap']]",[71],[2528822],Grinding All My Life,3k3qnPZO2vkNZ4ekdwt2b5,36,['Nipsey Hussle'],['0EeQBlQJFiAfJeVN2vT9s0'],"[['conscious hip hop', 'gangster rap', 'hip hop', 'pop rap', 'rap', 'southern hip hop', 'trap']]",[71],False,[2528822],0.745,0.709,10,0.314,-5.654,0,0.0561,0.0,0.109,0.232,89.991,174899,4
53,0n3V7u9sMRV7sCDMhWxDtL,Billboard 200 Top Albums 2019,54,Drip or Drown 2,1oUzjom2A9xtyRM1SdOAGj,2019-02-22,['Gunna'],['2hlmm7s2ICUX0LVIhVFlZQ'],"[['atl hip hop', 'melodic rap', 'rap', 'trap']]",[92],[3838406],Baby Birkin,0BOmhToQ03yOdpzYKMEnAg,65,['Gunna'],['2hlmm7s2ICUX0LVIhVFlZQ'],"[['atl hip hop', 'melodic rap', 'rap', 'trap']]",[92],True,[3838406],0.848,0.649,2,0.315,-6.083,1,0.232,0.0,0.101,0.629,118.04,181948,4
54,0n3V7u9sMRV7sCDMhWxDtL,Billboard 200 Top Albums 2019,55,DAMN.,4eLPsYPBmXABThSJ821sqY,2017-04-14,['Kendrick Lamar'],['2YZyLoL8N0Wb9xBt1NhZWg'],"[['conscious hip hop', 'hip hop', 'rap', 'west coast rap']]",[90],[19114324],HUMBLE.,7KXjTSCq5nL1LoYtL7XAwS,84,['Kendrick Lamar'],['2YZyLoL8N0Wb9xBt1NhZWg'],"[['conscious hip hop', 'hip hop', 'rap', 'west coast rap']]",[90],True,[19114324],0.908,0.621,1,0.102,-6.638,0,0.000282,5.39e-05,0.0958,0.421,150.011,177000,4
55,0n3V7u9sMRV7sCDMhWxDtL,Billboard 200 Top Albums 2019,56,A Love Letter To You 3,6qRbGZqJ3aQY8N8bcHc1ug,2018-11-09,['Trippie Redd'],['6Xgp2XMz1fhVYe7i6yNAax'],"[['melodic rap', 'rap', 'trap']]",[88],[7126462],1400 / 999 Freestyle,75lcPkAkUsKWHGBlGM476R,78,"['Trippie Redd', 'Juice WRLD']",['6Xgp2XMz1fhVYe7i6yNAax'],"[['melodic rap', 'rap', 'trap']]",[88],True,[7126462],0.825,0.572,6,0.0864,-6.067,0,0.0079,0.0,0.113,0.568,141.991,175954,4
56,0n3V7u9sMRV7sCDMhWxDtL,Billboard 200 Top Albums 2019,57,Abbey Road (Remastered),0ETFjACtuP2ADo6LFhL6HN,1969-09-26,['The Beatles'],['3WrFJ7ztbogyGnTHbHJFl2'],"[['beatlesque', 'british invasion', 'classic rock', 'merseybeat', 'psychedelic rock', 'rock']]",[89],[21722211],Here Comes The Sun - Remastered 2009,6dGnYIeXmHdcikdzNNDMm2,83,['The Beatles'],['3WrFJ7ztbogyGnTHbHJFl2'],"[['beatlesque', 'british invasion', 'classic rock', 'merseybeat', 'psychedelic rock', 'rock']]",[89],False,[21722211],0.557,0.54,9,0.0347,-10.484,1,0.0339,0.00248,0.179,0.394,129.171,185733,4
57,0n3V7u9sMRV7sCDMhWxDtL,Billboard 200 Top Albums 2019,58,Luv Is Rage 2,2DiIYE1nwRB4JW42HoXBnu,2017-08-24,['Lil Uzi Vert'],['4O15NlyKLIASxsJ0PrXPfz'],"[['melodic rap', 'philly rap', 'rap', 'trap']]",[90],[12717966],XO Tour Llif3,5lqQaR00aXDezywi6GfrF5,51,['Lil Uzi Vert'],['4O15NlyKLIASxsJ0PrXPfz'],"[['melodic rap', 'philly rap', 'rap', 'trap']]",[90],False,[12717966],0.722,0.614,11,0.115,-7.549,0,0.00466,0.0,0.106,0.485,154.903,182728,4
58,0n3V7u9sMRV7sCDMhWxDtL,Billboard 200 Top Albums 2019,59,Realer,3o5se5blwiAdJPk8yAw1EQ,2018-12-20,['YoungBoy Never Broke Again'],['7wlFDEWiM5OoIAt8RSli8b'],"[['baton rouge rap', 'trap']]",[87],[8104576],Slime Belief,2qGfZAgDe1pV2y5xJAhi6R,70,['YoungBoy Never Broke Again'],['7wlFDEWiM5OoIAt8RSli8b'],"[['baton rouge rap', 'trap']]",[87],True,[8104576],0.748,0.578,9,0.194,-5.72,1,0.257,0.0,0.13,0.166,140.016,192606,4
59,0n3V7u9sMRV7sCDMhWxDtL,Billboard 200 Top Albums 2019,60,17,5VdyJkLe3yvOs0l4xXbWp0,2017-08-25,['XXXTENTACION'],['15UsOTVnJzReFVN1VCnxy4'],"[['emo rap', 'miami hip hop']]",[91],[33973036],Jocelyn Flores,7m9OqQk4RVRkw9JJdeAw96,87,['XXXTENTACION'],['15UsOTVnJzReFVN1VCnxy4'],"[['emo rap', 'miami hip hop']]",[91],True,[33973036],0.872,0.391,0,0.242,-9.144,0,0.469,4.13e-06,0.297,0.437,134.021,119133,4
60,0n3V7u9sMRV7sCDMhWxDtL,Billboard 200 Top Albums 2019,61,Legend - The Best Of Bob Marley And The Wailers,4jKeipwuUTjlx9USNYdhZn,2002-01-01,['Bob Marley & The Wailers'],['2QsynagSdAqZj3U9HgDzjD'],"[['reggae', 'roots reggae']]",[81],[10271869],Three Little Birds,7vggqxNKwd6xdRoYS0pQtM,66,['Bob Marley & The Wailers'],['2QsynagSdAqZj3U9HgDzjD'],"[['reggae', 'roots reggae']]",[81],False,[10271869],0.825,0.494,9,0.0698,-10.486,1,0.00974,5.15e-06,0.0361,0.626,74.103,180440,4
61,0n3V7u9sMRV7sCDMhWxDtL,Billboard 200 Top Albums 2019,62,COSMIC,5EEkfRgfYHiFu0lGur6Z6M,2018-04-12,['Bazzi'],['4GvEc3ANtPPjt1ZJllr5Zl'],"[['dance pop', 'electropop', 'pop']]",[78],[4771731],Mine,7uzmGiiJyRfuViKKK3lVmR,78,['Bazzi'],['4GvEc3ANtPPjt1ZJllr5Zl'],"[['dance pop', 'electropop', 'pop']]",[78],True,[4771731],0.71,0.789,4,0.0722,-3.874,1,0.0161,2.77e-06,0.451,0.717,142.929,131064,4
62,0n3V7u9sMRV7sCDMhWxDtL,Billboard 200 Top Albums 2019,63,Revenge Of The Dreamers III,2n3quCZ0anEa46j2IveacI,2019-07-05,"['Dreamville', 'J. Cole']","['1iNqsUDUraNWrj00bqssQG', '6l3HvQ5sa6mXTsMTB19rO5']","[['hip hop', 'rap', 'trap', 'underground hip hop'], ['conscious hip hop', 'hip hop', 'north carolina hip hop', 'rap']]","[69, 89]","[387776, 15591924]",MIDDLE CHILD,2b5scDVCDxVsLalecDLAo2,54,['J. Cole'],"['1iNqsUDUraNWrj00bqssQG', '6l3HvQ5sa6mXTsMTB19rO5']","[['hip hop', 'rap', 'trap', 'underground hip hop'], ['conscious hip hop', 'hip hop', 'north carolina hip hop', 'rap']]","[69, 89]",True,"[387776, 15591924]",0.84,0.484,8,0.241,-6.899,1,0.192,0.0,0.282,0.512,126.023,213000,4
63,0n3V7u9sMRV7sCDMhWxDtL,Billboard 200 Top Albums 2019,64,Father Of Asahd,1YgX8BWKleDlDeCOFklRfz,2019-05-17,['DJ Khaled'],['0QHgL1lAIqAw0HtD7YldmP'],"[['dance pop', 'hip hop', 'miami hip hop', 'pop', 'pop rap', 'rap', 'southern hip hop', 'trap']]",[81],[6976376],"No Brainer (feat. Justin Bieber, Chance the Rapper & Quavo)",03nPEoQOYMuDe7KmGljpmd,62,"['DJ Khaled', 'Justin Bieber', 'Chance the Rapper', 'Quavo']",['0QHgL1lAIqAw0HtD7YldmP'],"[['dance pop', 'hip hop', 'miami hip hop', 'pop', 'pop rap', 'rap', 'southern hip hop', 'trap']]",[81],True,[6976376],0.527,0.761,0,0.341,-4.708,1,0.073,0.0,0.0865,0.653,135.543,260000,5
64,0n3V7u9sMRV7sCDMhWxDtL,Billboard 200 Top Albums 2019,65,Chronicle: 20 Greatest Hits,03GKkfyog7hnllilFS3jIV,1976-01-01,['Creedence Clearwater Revival'],['3IYUhFvPQItj6xySrBmZkd'],"[['album rock', 'classic rock', 'country rock', 'rock', 'southern rock', 'swamp rock']]",[80],[4810639],Have You Ever Seen The Rain,5XE8c07vbpQBUriwybOHtd,66,['Creedence Clearwater Revival'],['3IYUhFvPQItj6xySrBmZkd'],"[['album rock', 'classic rock', 'country rock', 'rock', 'southern rock', 'swamp rock']]",[80],False,[4810639],0.773,0.543,0,0.0292,-9.97,1,0.093,5.63e-06,0.175,0.802,115.997,160000,4
65,0n3V7u9sMRV7sCDMhWxDtL,Billboard 200 Top Albums 2019,66,Curtain Call: The Hits,3eFDUa0q5bS0bYMp9LGJLk,2005-12-06,['Eminem'],['7dGJo4pcD2V6oG8kP0tJRR'],"[['detroit hip hop', 'hip hop', 'rap']]",[93],[51409938],Lose Yourself - Soundtrack Version,1a3xfVZyJnlKn4t65ccBbp,54,['Eminem'],['7dGJo4pcD2V6oG8kP0tJRR'],"[['detroit hip hop', 'hip hop', 'rap']]",[93],False,[51409938],0.703,0.746,2,0.257,-4.718,1,0.00535,1.8e-05,0.357,0.0655,171.387,321213,4
66,0n3V7u9sMRV7sCDMhWxDtL,Billboard 200 Top Albums 2019,67,Future Hndrxx Presents: The WIZRD,3LpIwZdzFwc10psLingT8x,2019-01-18,['Future'],['1RyvyyTE3xzB2ZywiAwp0i'],"[['atl hip hop', 'pop rap', 'rap', 'southern hip hop', 'trap']]",[91],[11044152],First Off (feat. Travis Scott),3WRIaWsws011vHMd9uzPjG,64,"['Future', 'Travis Scott']",['1RyvyyTE3xzB2ZywiAwp0i'],"[['atl hip hop', 'pop rap', 'rap', 'southern hip hop', 'trap']]",[91],True,[11044152],0.734,0.683,1,0.0776,-6.105,1,0.013,0.0,0.28,0.445,162.038,228367,4
67,0n3V7u9sMRV7sCDMhWxDtL,Billboard 200 Top Albums 2019,68,Take Care (Deluxe),6X1x82kppWZmDzlXXK3y3q,2011-11-15,['Drake'],['3TVXtAsR1Inumwj472S9r4'],"[['canadian hip hop', 'canadian pop', 'hip hop', 'rap', 'toronto rap']]",[98],[60310746],Headlines,6LxSe8YmdPxy095Ux6znaQ,76,['Drake'],['3TVXtAsR1Inumwj472S9r4'],"[['canadian hip hop', 'canadian pop', 'hip hop', 'rap', 'toronto rap']]",[98],True,[60310746],0.636,0.566,6,0.106,-7.16,0,0.365,0.000353,0.0917,0.425,151.894,235987,4
68,0n3V7u9sMRV7sCDMhWxDtL,Billboard 200 Top Albums 2019,69,Views,2yIwhsIWGRQzGQdn1czSK0,2016-05-06,['Drake'],['3TVXtAsR1Inumwj472S9r4'],"[['canadian hip hop', 'canadian pop', 'hip hop', 'rap', 'toronto rap']]",[98],[60310746],One Dance,5ZKG94fnjiuMH5yrC5S9lS,67,"['Drake', 'WizKid', 'Kyla']",['3TVXtAsR1Inumwj472S9r4'],"[['canadian hip hop', 'canadian pop', 'hip hop', 'rap', 'toronto rap']]",[98],False,[60310746],0.788,0.605,1,0.0578,-5.586,1,0.00899,0.00275,0.318,0.427,103.94,173973,4
69,0n3V7u9sMRV7sCDMhWxDtL,Billboard 200 Top Albums 2019,70,Greatest Hits,1Gtf2hZQlOGVER16uemmzR,1988-11-29,['Journey'],['0rvjqX7ttXeg3mTy8Xscbt'],"[['album rock', 'classic rock', 'hard rock', 'mellow gold', 'rock', 'soft rock']]",[76],[4048851],Don't Stop Believin',5ehcf6UL1TkwozB386cRAp,58,['Journey'],['0rvjqX7ttXeg3mTy8Xscbt'],"[['album rock', 'classic rock', 'hard rock', 'mellow gold', 'rock', 'soft rock']]",[76],False,[4048851],0.494,0.805,4,0.0422,-7.087,1,0.256,0.0,0.356,0.465,119.026,249093,4
70,0n3V7u9sMRV7sCDMhWxDtL,Billboard 200 Top Albums 2019,71,IGOR,5zi7WsKlIiUXv09tbGLKsE,2019-05-17,"['Tyler, The Creator']",['4V8LLVI7PbaPR0K2TGSxFF'],"[['hip hop', 'rap']]",[89],[7785765],EARFQUAKE,5hVghJ4KaYES3BFUATCYn0,83,"['Tyler, The Creator']",['4V8LLVI7PbaPR0K2TGSxFF'],"[['hip hop', 'rap']]",[89],True,[7785765],0.554,0.498,9,0.0685,-8.866,1,0.23,5.98e-06,0.795,0.413,79.635,190067,4
71,0n3V7u9sMRV7sCDMhWxDtL,Billboard 200 Top Albums 2019,72,Rearview Town,5irmzpXixcdNF2ZJjcrN0A,2018-04-13,['Jason Aldean'],['3FfvYsEGaIb52QPXhg4DcH'],"[['contemporary country', 'country', 'country road']]",[78],[4992671],You Make It Easy,6EGAfJaLUFzhS4zRBIEQ2J,72,['Jason Aldean'],['3FfvYsEGaIb52QPXhg4DcH'],"[['contemporary country', 'country', 'country road']]",[78],False,[4992671],0.375,0.574,7,0.0315,-5.305,1,0.143,0.0,0.11,0.406,132.025,196800,3
72,0n3V7u9sMRV7sCDMhWxDtL,Billboard 200 Top Albums 2019,73,Trench,621cXqrTSSJi1WqDMSLmbL,2018-10-05,['Twenty One Pilots'],['3YQKmKGau1PzlVlkL1iodx'],"[['modern rock', 'rock']]",[85],[21796675],Chlorine,23OXdR7YuUBVWh5hSnYJau,78,['Twenty One Pilots'],['3YQKmKGau1PzlVlkL1iodx'],"[['modern rock', 'rock']]",[85],False,[21796675],0.609,0.674,10,0.0548,-7.388,0,0.0735,0.06,0.345,0.315,90.009,324467,4
73,0n3V7u9sMRV7sCDMhWxDtL,Billboard 200 Top Albums 2019,74,reputation,6DEjYFkNZh67HP7R9PSZvv,2017-11-10,['Taylor Swift'],['06HL4z0CvFAxyc27GXpf02'],[['pop']],[98],[48097228],Look What You Made Me Do,1P17dC1amhFzptugyAO7Il,80,['Taylor Swift'],['06HL4z0CvFAxyc27GXpf02'],[['pop']],[98],False,[48097228],0.766,0.709,9,0.123,-6.471,0,0.204,1.41e-05,0.126,0.506,128.07,211853,4
74,0n3V7u9sMRV7sCDMhWxDtL,Billboard 200 Top Albums 2019,75,Harder Than Ever,7yf9ZJyHRbp8sHtpDKfPpt,2018-05-18,['Lil Baby'],['5f7VJjfbwm532GiveGC0ZK'],"[['atl hip hop', 'atl trap', 'rap', 'trap']]",[92],[9328587],Yes Indeed,6vN77lE9LK6HP2DewaN6HZ,82,"['Lil Baby', 'Drake']",['5f7VJjfbwm532GiveGC0ZK'],"[['atl hip hop', 'atl trap', 'rap', 'trap']]",[92],True,[9328587],0.963,0.346,5,0.53,-9.309,0,0.0355,0.0,0.108,0.562,119.957,142273,4
75,0n3V7u9sMRV7sCDMhWxDtL,Billboard 200 Top Albums 2019,76,Culture II,7fd7SEK25VS3gJAUgSwL6y,2018-01-26,['Migos'],['6oMuImdp5ZcFhWP0ESe6mG'],"[['atl hip hop', 'hip hop', 'pop rap', 'rap', 'trap']]",[82],[12064318],Walk It Talk It,6n4U3TlzUGhdSFbUUhTvLP,78,"['Migos', 'Drake']",['6oMuImdp5ZcFhWP0ESe6mG'],"[['atl hip hop', 'hip hop', 'pop rap', 'rap', 'trap']]",[82],True,[12064318],0.907,0.633,2,0.184,-5.145,1,0.0876,2.6e-06,0.106,0.395,145.914,276147,4
76,0n3V7u9sMRV7sCDMhWxDtL,Billboard 200 Top Albums 2019,77,Swimming,5wtE5aLX5r7jOosmPhJhhk,2018-08-03,['Mac Miller'],['4LLpKhyESsyAXpc4laK94U'],"[['hip hop', 'pittsburgh rap', 'rap']]",[87],[6884910],Self Care,5bJ1DrEM4hNCafcDd1oxHx,81,['Mac Miller'],['4LLpKhyESsyAXpc4laK94U'],"[['hip hop', 'pittsburgh rap', 'rap']]",[87],True,[6884910],0.52,0.538,1,0.206,-8.109,1,0.367,0.00187,0.119,0.177,141.894,345133,4
77,0n3V7u9sMRV7sCDMhWxDtL,Billboard 200 Top Albums 2019,78,Kane Brown,4hhvgHjPqUOAYkclDkhL2T,2016-12-02,['Kane Brown'],['3oSJ7TBVCWMDMiYjXNiCKE'],"[['black americana', 'contemporary country', 'country road']]",[79],[3839055],What Ifs (feat. Lauren Alaina),7zVCrzzEJU7u24sbJPXA5W,74,"['Kane Brown', 'Lauren Alaina']",['3oSJ7TBVCWMDMiYjXNiCKE'],"[['black americana', 'contemporary country', 'country road']]",[79],False,[3839055],0.612,0.799,10,0.0275,-4.603,1,0.00898,0.0,0.172,0.687,125.976,188253,4
78,0n3V7u9sMRV7sCDMhWxDtL,Billboard 200 Top Albums 2019,79,DUMMY BOY,4f8pX9Vjs9uU5aKjqDNcDO,2018-11-27,['6ix9ine'],['7gZfnEnfiaHzxARJ2LeXrf'],"[['emo rap', 'rap']]",[76],[6654748],FEFE,2l8nEO0vsTRCRnGqQty6qx,75,"['6ix9ine', 'Nicki Minaj', 'Murda Beatz']",['7gZfnEnfiaHzxARJ2LeXrf'],"[['emo rap', 'rap']]",[76],True,[6654748],0.931,0.387,1,0.412,-9.127,1,0.088,0.0,0.136,0.376,125.978,179405,4
79,0n3V7u9sMRV7sCDMhWxDtL,Billboard 200 Top Albums 2019,80,The Platinum Collection (Greatest Hits I II & III - 2011 Remaster),60Yx1xATvlWpAMzsBMMTSE,2011,['Queen'],['1dfeR4HaWDbWqFHLkxsg1d'],"[['classic rock', 'glam rock', 'rock']]",[88],[39227023],Bohemian Rhapsody - Remastered 2011,4q0ga6PujERMThC4FXO4WV,31,['Queen'],['1dfeR4HaWDbWqFHLkxsg1d'],"[['classic rock', 'glam rock', 'rock']]",[88],False,[39227023],0.392,0.398,0,0.0515,-9.973,0,0.256,0.0,0.195,0.236,143.587,355467,4
80,0n3V7u9sMRV7sCDMhWxDtL,Billboard 200 Top Albums 2019,81,Moana (Original Motion Picture Soundtrack/Deluxe Edition),6pZj4nvx6lV3ulIK3BSjvs,2016-11-18,['Various Artists'],['0LyfQWJT6nXafLPZqxe9Of'],[[]],[0],[1447145],How Far I'll Go,6mb6lVLNrcUgLnEN8QnDJd,74,"[""Auli'i Cravalho""]",['0LyfQWJT6nXafLPZqxe9Of'],[[]],[0],False,[1447145],0.571,0.307,1,0.0499,-10.958,0,0.649,0.0,0.178,0.108,83.72,163387,4
81,0n3V7u9sMRV7sCDMhWxDtL,Billboard 200 Top Albums 2019,82,H.E.R.,0pV0Mx07aMApIpF19oSQgY,2017-10-20,['H.E.R.'],['3Y7RZ31TRPVadSFVy1o8os'],"[['alternative r&b', 'dance pop', 'pop', 'r&b']]",[80],[4719717],Best Part (feat. Daniel Caesar),4OBZT9EnhYIV17t4pGw7ig,78,"['H.E.R.', 'Daniel Caesar']",['3Y7RZ31TRPVadSFVy1o8os'],"[['alternative r&b', 'dance pop', 'pop', 'r&b']]",[80],False,[4719717],0.473,0.371,4,0.0405,-10.219,0,0.795,0.0,0.109,0.413,75.208,209400,4
82,0n3V7u9sMRV7sCDMhWxDtL,Billboard 200 Top Albums 2019,83,More Life,1lXY618HWkwYKJWBRYR4MK,2017-03-18,['Drake'],['3TVXtAsR1Inumwj472S9r4'],"[['canadian hip hop', 'canadian pop', 'hip hop', 'rap', 'toronto rap']]",[98],[60310746],Passionfruit,5mCPDVBb16L4XQwDdbRUpz,83,['Drake'],['3TVXtAsR1Inumwj472S9r4'],"[['canadian hip hop', 'canadian pop', 'hip hop', 'rap', 'toronto rap']]",[98],True,[60310746],0.809,0.463,11,0.0396,-11.377,1,0.256,0.085,0.109,0.364,111.98,298941,4
83,0n3V7u9sMRV7sCDMhWxDtL,Billboard 200 Top Albums 2019,84,FATHER OF 4,6bPpXqJRpjwy0hLyUGtzYc,2019-02-22,['Offset'],['4DdkRBBYG6Yk9Ka8tdJ9BW'],"[['atl hip hop', 'hip hop', 'pop rap', 'rap', 'southern hip hop', 'trap']]",[82],[2210689],Clout (feat. Cardi B),59ywHNwwchG4nZJMLyxSzd,71,"['Offset', 'Cardi B']",['4DdkRBBYG6Yk9Ka8tdJ9BW'],"[['atl hip hop', 'hip hop', 'pop rap', 'rap', 'southern hip hop', 'trap']]",[82],True,[2210689],0.919,0.622,1,0.0997,-7.384,1,0.228,4.24e-06,0.122,0.424,140.022,205803,4
84,0n3V7u9sMRV7sCDMhWxDtL,Billboard 200 Top Albums 2019,85,I AM YOU,7naY6j4wcgUxfHB98G79CW,2018-08-03,['YNW Melly'],['1cNDP5yjU5vjeR8qMf4grg'],"[['melodic rap', 'trap']]",[79],[7072103],Murder On My Mind,7eBqSVxrzQZtK2mmgRG6lC,81,['YNW Melly'],['1cNDP5yjU5vjeR8qMf4grg'],"[['melodic rap', 'trap']]",[79],True,[7072103],0.759,0.73,0,0.0516,-7.985,0,0.145,3.06e-06,0.11,0.74,115.007,268434,4
85,0n3V7u9sMRV7sCDMhWxDtL,Billboard 200 Top Albums 2019,86,Golden Hour,7f6xPqyaolTiziKf5R5Z0c,2018-03-30,['Kacey Musgraves'],['70kkdajctXSbqSMJbQO424'],"[['contemporary country', 'country dawn', 'pop', 'texas country']]",[76],[1078582],Rainbow,79qxwHypONUt3AFq0WPpT9,74,['Kacey Musgraves'],['70kkdajctXSbqSMJbQO424'],"[['contemporary country', 'country dawn', 'pop', 'texas country']]",[76],False,[1078582],0.581,0.197,3,0.0329,-7.697,1,0.88,0.0,0.107,0.349,130.367,214293,4
86,0n3V7u9sMRV7sCDMhWxDtL,Billboard 200 Top Albums 2019,87,If I Know Me,1IR2nlwX6YVTXXeu2qzoWO,2018-04-27,['Morgan Wallen'],['4oUHIQIBe0LHzYfvXNW4QM'],[['contemporary country']],[86],[2789002],Whiskey Glasses,6foY66mWZN0pSRjZ408c00,80,['Morgan Wallen'],['4oUHIQIBe0LHzYfvXNW4QM'],[['contemporary country']],[86],False,[2789002],0.614,0.68,6,0.0289,-4.58,1,0.369,1.84e-06,0.115,0.707,149.959,234347,4
87,0n3V7u9sMRV7sCDMhWxDtL,Billboard 200 Top Albums 2019,88,Perception,1KOmHyNLuOe5YrPhD3Juuf,2017-10-06,['NF'],['6fOMl44jA4Sp5b9PpYCkzz'],"[['hip hop', 'pop rap', 'rap']]",[84],[6550297],Let You Down,52okn5MNA47tk87PeZJLEL,83,['NF'],['6fOMl44jA4Sp5b9PpYCkzz'],"[['hip hop', 'pop rap', 'rap']]",[84],False,[6550297],0.662,0.714,5,0.121,-5.68,0,0.312,0.0,0.179,0.464,147.997,212120,4
88,0n3V7u9sMRV7sCDMhWxDtL,Billboard 200 Top Albums 2019,89,Greatest Hits,1WBZyULtlANBKed7Zf9cDP,1998-01-01,['2Pac'],['1ZwdS5xdxEREPySFridCfh'],"[['g funk', 'gangster rap', 'hip hop', 'rap', 'west coast rap']]",[82],[11940558],California Love - Original Version,3ia3dJETSOllPsv3LJkE35,77,"['2Pac', 'Roger', 'Dr. Dre']",['1ZwdS5xdxEREPySFridCfh'],"[['g funk', 'gangster rap', 'hip hop', 'rap', 'west coast rap']]",[82],True,[11940558],0.763,0.85,7,0.0417,-3.052,1,0.0304,1.21e-06,0.371,0.761,91.519,284907,4
89,0n3V7u9sMRV7sCDMhWxDtL,Billboard 200 Top Albums 2019,90,Rumours (Super Deluxe),0BwWUstDMUbgq2NYONRqlu,1977-02-04,['Fleetwood Mac'],['08GQAI4eElDnROBrJRGE0X'],"[['album rock', 'classic rock', 'mellow gold', 'rock', 'soft rock', 'yacht rock']]",[83],[7733834],Dreams - 2004 Remaster,0ofHAoxe9vBkTCp2UQIavz,85,['Fleetwood Mac'],['08GQAI4eElDnROBrJRGE0X'],"[['album rock', 'classic rock', 'mellow gold', 'rock', 'soft rock', 'yacht rock']]",[83],False,[7733834],0.828,0.492,0,0.0276,-9.744,1,0.0644,0.00428,0.128,0.789,120.151,257800,4
90,0n3V7u9sMRV7sCDMhWxDtL,Billboard 200 Top Albums 2019,91,2014 Forest Hills Drive,7viNUmZZ8ztn2UB4XB3jIL,2014-12-09,['J. Cole'],['6l3HvQ5sa6mXTsMTB19rO5'],"[['conscious hip hop', 'hip hop', 'north carolina hip hop', 'rap']]",[89],[15591924],No Role Modelz,62vpWI1CHwFy7tMIcSStl8,83,['J. Cole'],['6l3HvQ5sa6mXTsMTB19rO5'],"[['conscious hip hop', 'hip hop', 'north carolina hip hop', 'rap']]",[89],True,[15591924],0.692,0.521,10,0.33,-8.465,0,0.301,0.0,0.0565,0.463,100.45,292987,4
91,0n3V7u9sMRV7sCDMhWxDtL,Billboard 200 Top Albums 2019,92,The Essential Billy Joel,7r36rel1M4gyBavfcJP6Yz,2001-10-02,['Billy Joel'],['6zFYqv1mOsgBRQbae3JJ9e'],"[['classic rock', 'folk rock', 'mellow gold', 'piano rock', 'rock', 'singer-songwriter', 'soft rock']]",[79],[4025913],Piano Man,3FCto7hnn1shUyZL42YgfO,68,['Billy Joel'],['6zFYqv1mOsgBRQbae3JJ9e'],"[['classic rock', 'folk rock', 'mellow gold', 'piano rock', 'rock', 'singer-songwriter', 'soft rock']]",[79],False,[4025913],0.334,0.472,0,0.0277,-8.792,1,0.6,3.77e-06,0.317,0.431,179.167,336093,3
92,0n3V7u9sMRV7sCDMhWxDtL,Billboard 200 Top Albums 2019,93,LoVE me NOw (ReLoAdeD),0RK6vpJWuCZpNWNdRJ8rpY,2018-10-26,['Tory Lanez'],['2jku7tDXc6XoB6MO2hFuqg'],"[['canadian hip hop', 'canadian trap', 'melodic rap', 'pop rap', 'r&b', 'rap', 'toronto rap', 'trap']]",[84],[4166369],Freaky,7EAaSaj1OgZgMX5yZyFXFC,61,['Tory Lanez'],['2jku7tDXc6XoB6MO2hFuqg'],"[['canadian hip hop', 'canadian trap', 'melodic rap', 'pop rap', 'r&b', 'rap', 'toronto rap', 'trap']]",[84],True,[4166369],0.966,0.563,8,0.0618,-5.764,1,0.00202,0.0,0.105,0.363,104.991,173926,4
93,0n3V7u9sMRV7sCDMhWxDtL,Billboard 200 Top Albums 2019,94,Camila,2vD3zSQr8hNlg0obNel4TE,2018-01-12,['Camila Cabello'],['4nDoRrQiYLoBzwC5BhVJzF'],"[['dance pop', 'pop', 'post-teen pop']]",[85],[25089119],Havana (feat. Young Thug),1rfofaqEpACxVEHIZBJe6W,82,"['Camila Cabello', 'Young Thug']",['4nDoRrQiYLoBzwC5BhVJzF'],"[['dance pop', 'pop', 'post-teen pop']]",[85],False,[25089119],0.765,0.523,2,0.03,-4.333,1,0.184,3.56e-05,0.132,0.394,104.988,217307,4
94,0n3V7u9sMRV7sCDMhWxDtL,Billboard 200 Top Albums 2019,95,The Search,46xdC4Qcvscfs3Ai2RIHcv,2019-07-26,['NF'],['6fOMl44jA4Sp5b9PpYCkzz'],"[['hip hop', 'pop rap', 'rap']]",[84],[6550297],The Search,3oLe5ZILASG8vU5dxIMfLY,76,['NF'],['6fOMl44jA4Sp5b9PpYCkzz'],"[['hip hop', 'pop rap', 'rap']]",[84],False,[6550297],0.789,0.789,2,0.298,-4.813,1,0.598,0.0,0.099,0.37,119.95,248053,4
95,0n3V7u9sMRV7sCDMhWxDtL,Billboard 200 Top Albums 2019,96,Queen,2acDkDTWdNFie1HjcFa4Ny,2018-08-10,['Nicki Minaj'],['0hCNtLu0JehylgoiP8L4Gh'],"[['dance pop', 'hip pop', 'pop', 'pop rap', 'queens hip hop']]",[89],[23799267],Chun-Li,1e4rwBPVI32vZtTJu7mJ4J,72,['Nicki Minaj'],['0hCNtLu0JehylgoiP8L4Gh'],"[['dance pop', 'hip pop', 'pop', 'pop rap', 'queens hip hop']]",[89],True,[23799267],0.686,0.73,6,0.374,-5.077,0,0.278,4.76e-05,0.106,0.474,128.943,191600,5
96,0n3V7u9sMRV7sCDMhWxDtL,Billboard 200 Top Albums 2019,97,1 (Remastered),7vEJAtP3KgKSpOHVgwm3Eh,2000-11-13,['The Beatles'],['3WrFJ7ztbogyGnTHbHJFl2'],"[['beatlesque', 'british invasion', 'classic rock', 'merseybeat', 'psychedelic rock', 'rock']]",[89],[21722211],Come Together - Remastered 2015,3CEFDHJSiERlfwRujZ1CkJ,56,['The Beatles'],['3WrFJ7ztbogyGnTHbHJFl2'],"[['beatlesque', 'british invasion', 'classic rock', 'merseybeat', 'psychedelic rock', 'rock']]",[89],False,[21722211],0.559,0.343,9,0.0424,-13.072,0,0.0601,0.138,0.1,0.183,164.53,258693,4
97,0n3V7u9sMRV7sCDMhWxDtL,Billboard 200 Top Albums 2019,98,Starboy,2ODvWsOgouMbaA5xf0RkJe,2016-11-25,['The Weeknd'],['1Xyo4u8uXC1ZmMpatF05PJ'],"[['canadian contemporary r&b', 'canadian pop', 'pop']]",[100],[40930648],Starboy,7MXVkk9YMctZqd1Srtv4MB,86,"['The Weeknd', 'Daft Punk']",['1Xyo4u8uXC1ZmMpatF05PJ'],"[['canadian contemporary r&b', 'canadian pop', 'pop']]",[100],True,[40930648],0.679,0.587,7,0.276,-7.015,1,0.141,6.35e-06,0.137,0.486,186.003,230453,4
98,0n3V7u9sMRV7sCDMhWxDtL,Billboard 200 Top Albums 2019,99,Ctrl,76290XdXVF9rPzGdNRWdCh,2017-06-09,['SZA'],['7tYKF4w9nC0nq9CsPZTHyP'],"[['pop', 'r&b', 'rap']]",[88],[7016231],Love Galore (feat. Travis Scott),0q75NwOoFiARAVp4EXU4Bs,80,"['SZA', 'Travis Scott']",['7tYKF4w9nC0nq9CsPZTHyP'],"[['pop', 'r&b', 'rap']]",[88],True,[7016231],0.795,0.594,0,0.0748,-6.2,1,0.112,0.0,0.162,0.409,135.002,275080,4
99,0n3V7u9sMRV7sCDMhWxDtL,Billboard 200 Top Albums 2019,100,Delta,4cKEpUZp7REMrSjd4ICCZz,2018-11-16,['Mumford & Sons'],['3gd8FJtBJtkRxdfbTu19U2'],"[['modern folk rock', 'modern rock', 'pop rock', 'stomp and holler', 'uk americana']]",[76],[6215769],Guiding Light,4VeCmOb1rAEZQfH7Rlms9C,59,['Mumford & Sons'],['3gd8FJtBJtkRxdfbTu19U2'],"[['modern folk rock', 'modern rock', 'pop rock', 'stomp and holler', 'uk americana']]",[76],False,[6215769],0.551,0.685,7,0.0421,-8.649,1,0.0547,1.18e-05,0.0743,0.289,100.05,217633,4
100,0n3V7u9sMRV7sCDMhWxDtL,Billboard 200 Top Albums 2019,101,The Essential Michael Jackson,77dNyQA0z8dV33M4so4eRY,2005-07-19,['Michael Jackson'],['3fMbdgg4jU18AjLCKBhRSm'],"[['pop', 'r&b', 'soul']]",[85],[21343094],Billie Jean,4WSfyC9pFp0nc8OD0rHyaD,40,['Michael Jackson'],['3fMbdgg4jU18AjLCKBhRSm'],"[['pop', 'r&b', 'soul']]",[85],False,[21343094],0.92,0.559,11,0.0427,-5.667,0,0.0191,0.0424,0.0444,0.819,117.167,292960,4
101,0n3V7u9sMRV7sCDMhWxDtL,Billboard 200 Top Albums 2019,102,Red Pill Blues (Deluxe),2EHdZj0rUnWRPuHARw69m7,2018-06-15,['Maroon 5'],['04gDigrS5kc9YWfZHwBETP'],"[['pop', 'pop rock']]",[89],[34812894],Girls Like You (feat. Cardi B),04GKRudrMjdPdX10873SAM,45,"['Maroon 5', 'Cardi B']",['04gDigrS5kc9YWfZHwBETP'],"[['pop', 'pop rock']]",[89],False,[34812894],0.613,0.522,0,0.115,-6.814,1,0.567,0.0,0.13,0.447,59.406,235545,4
102,0n3V7u9sMRV7sCDMhWxDtL,Billboard 200 Top Albums 2019,103,Night Visions,6htgf3qv7vGcsdxLCDxKp8,2012-09-04,['Imagine Dragons'],['53XhwfbYqKCa1cC15pYq2q'],"[['modern rock', 'rock']]",[92],[37836253],Demons,3LlAyCYU26dvFZBDUIMb7a,75,['Imagine Dragons'],['53XhwfbYqKCa1cC15pYq2q'],"[['modern rock', 'rock']]",[92],False,[37836253],0.505,0.71,3,0.0321,-3.015,1,0.19,0.00025,0.329,0.428,89.938,175200,4
103,0n3V7u9sMRV7sCDMhWxDtL,Billboard 200 Top Albums 2019,104,KIRK,3yONpVLCiRFAenCjsUo07S,2019-09-27,['DaBaby'],['4r63FhuTkUYltbVAg5TQnk'],"[['north carolina hip hop', 'rap', 'trap']]",[89],[8923737],BOP,6UiPzamEvmUrvUyc8GV0A5,53,['DaBaby'],['4r63FhuTkUYltbVAg5TQnk'],"[['north carolina hip hop', 'rap', 'trap']]",[89],False,[8923737],0.77,0.791,11,0.375,-4.035,1,0.184,0.0,0.15,0.82,126.725,159715,4
104,0n3V7u9sMRV7sCDMhWxDtL,Billboard 200 Top Albums 2019,105,GIRL,3XpxioqzCTiqOSuHTXuaGf,2019-03-08,['Maren Morris'],['6WY7D3jk8zTrHtmkqqo5GI'],"[['contemporary country', 'country', 'pop', 'texas country']]",[77],[623167],The Bones,7yFhA2fUsL2oIMWlw5DaHQ,79,['Maren Morris'],['6WY7D3jk8zTrHtmkqqo5GI'],"[['contemporary country', 'country', 'pop', 'texas country']]",[77],False,[623167],0.612,0.57,11,0.0347,-6.642,0,0.278,0.0,0.0963,0.334,77.004,197293,4
105,0n3V7u9sMRV7sCDMhWxDtL,Billboard 200 Top Albums 2019,106,Life Changes,4w5Jvreahp3yvLqc4vCr9I,2017-09-08,['Thomas Rhett'],['6x2LnllRG5uGarZMsD4iO8'],"[['contemporary country', 'country', 'country road', 'modern country rock']]",[77],[4009712],Marry Me,0OWZFobGSIW9GrSlQ9C5pc,71,['Thomas Rhett'],['6x2LnllRG5uGarZMsD4iO8'],"[['contemporary country', 'country', 'country road', 'modern country rock']]",[77],False,[4009712],0.333,0.412,3,0.029,-8.633,1,0.0977,0.0,0.113,0.474,85.028,205453,4
106,0n3V7u9sMRV7sCDMhWxDtL,Billboard 200 Top Albums 2019,107,Until Death Call My Name (Reloaded),1xFoRn9DxZXwPjEdGnw800,2018-06-29,['YoungBoy Never Broke Again'],['7wlFDEWiM5OoIAt8RSli8b'],"[['baton rouge rap', 'trap']]",[87],[8104576],Outside Today,3sA7HKGzcKTVscdiTCrWpX,69,['YoungBoy Never Broke Again'],['7wlFDEWiM5OoIAt8RSli8b'],"[['baton rouge rap', 'trap']]",[87],True,[8104576],0.851,0.666,11,0.0694,-5.334,0,0.139,0.0,0.105,0.0585,134.068,129105,4
107,0n3V7u9sMRV7sCDMhWxDtL,Billboard 200 Top Albums 2019,108,Bad Habits (Deluxe),6taKOWXnfZqgyST1GZJakd,2019-04-19,['NAV'],['7rkW85dBwwrJtlHRDkJDAC'],"[['canadian hip hop', 'canadian trap', 'hip hop', 'melodic rap', 'rap', 'toronto rap', 'trap']]",[80],[2826156],Tap (feat. Meek Mill),4A6ygACwDaDxXAlZsa4wrz,36,"['NAV', 'Meek Mill']",['7rkW85dBwwrJtlHRDkJDAC'],"[['canadian hip hop', 'canadian trap', 'hip hop', 'melodic rap', 'rap', 'toronto rap', 'trap']]",[80],False,[2826156],0.9,0.63,9,0.276,-7.123,1,0.102,0.0,0.0907,0.486,85.033,148280,4
108,0n3V7u9sMRV7sCDMhWxDtL,Billboard 200 Top Albums 2019,109,Over It,1gdysQW3m9f0KCDMn0oY6X,2019-10-04,['Summer Walker'],['57LYzLEk2LcFghVwuWbcuS'],"[['pop', 'r&b']]",[84],[3101548],Girls Need Love (with Drake) - Remix,1ojr1OLeKFZo1LFd6jWAPm,37,"['Summer Walker', 'Drake']",['57LYzLEk2LcFghVwuWbcuS'],"[['pop', 'r&b']]",[84],False,[3101548],0.624,0.44,6,0.206,-9.472,0,0.353,1.14e-06,0.135,0.0782,96.681,222387,4
109,0n3V7u9sMRV7sCDMhWxDtL,Billboard 200 Top Albums 2019,110,Feed Tha Streets II,1jlIU9p7PChTK3AeqNpnsX,2018-11-02,['Roddy Ricch'],['757aE44tKEUQEqRuT6GnEB'],"[['melodic rap', 'rap', 'trap']]",[87],[7408901],Down Below,4SWWe2OYC4mqf40Gc2RSdl,78,['Roddy Ricch'],['757aE44tKEUQEqRuT6GnEB'],"[['melodic rap', 'rap', 'trap']]",[87],True,[7408901],0.926,0.454,6,0.0732,-9.932,1,0.036,0.000422,0.0896,0.34,119.969,224002,4
110,0n3V7u9sMRV7sCDMhWxDtL,Billboard 200 Top Albums 2019,111,Can't Say I Ain't Country,64nhe9s692yKECAoMcEQ8U,2019-02-15,['Florida Georgia Line'],['3b8QkneNDz4JHKKKlLgYZg'],"[['contemporary country', 'country', 'country pop', 'country road', 'modern country rock']]",[79],[4624632],Simple,4L9Ds4mpD3SuYoWwFUlv16,73,['Florida Georgia Line'],['3b8QkneNDz4JHKKKlLgYZg'],"[['contemporary country', 'country', 'country pop', 'country road', 'modern country rock']]",[79],False,[4624632],0.362,0.882,3,0.0973,-3.717,1,0.0791,0.0,0.15,0.864,199.811,185200,4
111,0n3V7u9sMRV7sCDMhWxDtL,Billboard 200 Top Albums 2019,112,x (Deluxe Edition),1xn54DMo2qIqBuMqHtUsFd,2014-06-21,['Ed Sheeran'],['6eUKZXaKkcviH0Ku9w2n3V'],"[['pop', 'uk pop']]",[96],[91177982],Thinking out Loud,34gCuhDGsG4bRPIf9bb02f,85,['Ed Sheeran'],['6eUKZXaKkcviH0Ku9w2n3V'],"[['pop', 'uk pop']]",[96],False,[91177982],0.781,0.445,2,0.0295,-6.061,1,0.474,0.0,0.184,0.591,78.998,281560,4
112,0n3V7u9sMRV7sCDMhWxDtL,Billboard 200 Top Albums 2019,113,Die A Legend,26ztFK3E69j5THJQdyxC5w,2019-06-07,['Polo G'],['6AgTAQt8XS6jRWi4sX7w49'],[['chicago rap']],[91],[6462966],Pop Out (feat. Lil Tjay),6uFn47ACjqYkc0jADwEdj1,81,"['Polo G', 'Lil Tjay']",['6AgTAQt8XS6jRWi4sX7w49'],[['chicago rap']],[91],True,[6462966],0.772,0.639,1,0.467,-7.119,1,0.15,0.0,0.0698,0.261,168.112,166560,4
113,0n3V7u9sMRV7sCDMhWxDtL,Billboard 200 Top Albums 2019,114,Fear Inoculum,7acEciVtnuTzmwKptkjth5,2019-08-30,['TOOL'],['2yEwvVSSSUkcLeSTNyHKh8'],"[['alternative metal', 'alternative rock', 'art rock', 'nu metal', 'progressive metal', 'progressive rock', 'rock']]",[73],[2441254],Pneuma,03sEzk1VyrUZSgyhoQR0LZ,66,['TOOL'],['2yEwvVSSSUkcLeSTNyHKh8'],"[['alternative metal', 'alternative rock', 'art rock', 'nu metal', 'progressive metal', 'progressive rock', 'rock']]",[73],False,[2441254],0.415,0.53,9,0.0314,-9.338,0,0.00209,0.75,0.11,0.0586,114.174,713192,1
114,0n3V7u9sMRV7sCDMhWxDtL,Billboard 200 Top Albums 2019,115,Birds In The Trap Sing McKnight,42WVQWuf1teDysXiOupIZt,2016-09-16,['Travis Scott'],['0Y5tJX1MQlPlqiwlOH1tJY'],"[['rap', 'slap house']]",[92],[19574893],goosebumps,6gBFPUFcJLzWGx4lenP6h2,87,['Travis Scott'],['0Y5tJX1MQlPlqiwlOH1tJY'],"[['rap', 'slap house']]",[92],True,[19574893],0.841,0.728,7,0.0484,-3.37,1,0.0847,0.0,0.149,0.43,130.049,243837,4
115,0n3V7u9sMRV7sCDMhWxDtL,Billboard 200 Top Albums 2019,116,1989,2QJmrSgbdM35R67eoGQo4j,2014-10-27,['Taylor Swift'],['06HL4z0CvFAxyc27GXpf02'],[['pop']],[98],[48097228],Shake It Off,5xTtaWoae3wi06K5WfVUUH,73,['Taylor Swift'],['06HL4z0CvFAxyc27GXpf02'],[['pop']],[98],False,[48097228],0.648,0.785,7,0.165,-5.414,1,0.0561,0.0,0.148,0.943,160.02,219200,4
116,0n3V7u9sMRV7sCDMhWxDtL,Billboard 200 Top Albums 2019,117,Blurryface,3cQO7jp5S9qLBoIVtbkSM1,2015-05-15,['Twenty One Pilots'],['3YQKmKGau1PzlVlkL1iodx'],"[['modern rock', 'rock']]",[85],[21796675],Stressed Out,3CRDbSIZ4r5MsZ0YwxuEkn,86,['Twenty One Pilots'],['3YQKmKGau1PzlVlkL1iodx'],"[['modern rock', 'rock']]",[85],False,[21796675],0.734,0.637,4,0.141,-5.677,0,0.0462,2.29e-05,0.0602,0.648,169.977,202333,4
117,0n3V7u9sMRV7sCDMhWxDtL,Billboard 200 Top Albums 2019,118,Love Yourself ็ต 'Answer',43wFM1HquliY3iwKWzPN4y,2018-08-24,['BTS'],['3Nrfpe0tUJi4K4DXYWgMUX'],"[['k-pop', 'k-pop boy group']]",[96],[44488750],FAKE LOVE,6a0gRYXKK0YU69cXaB2RrK,55,['BTS'],['3Nrfpe0tUJi4K4DXYWgMUX'],"[['k-pop', 'k-pop boy group']]",[96],False,[44488750],0.557,0.719,2,0.0371,-4.515,0,0.00267,0.0,0.306,0.345,77.502,242334,4
118,0n3V7u9sMRV7sCDMhWxDtL,Billboard 200 Top Albums 2019,119,"good kid, m.A.A.d city (Deluxe)",3DGQ1iZ9XKUQxAUWjfC34w,2012,['Kendrick Lamar'],['2YZyLoL8N0Wb9xBt1NhZWg'],"[['conscious hip hop', 'hip hop', 'rap', 'west coast rap']]",[90],[19114324],Money Trees,0AOvNRgl0SMfOibWA5bP8o,64,"['Kendrick Lamar', 'Jay Rock']",['2YZyLoL8N0Wb9xBt1NhZWg'],"[['conscious hip hop', 'hip hop', 'rap', 'west coast rap']]",[90],True,[19114324],0.716,0.531,7,0.122,-7.355,1,0.0703,0.0,0.224,0.344,71.994,386907,4
119,0n3V7u9sMRV7sCDMhWxDtL,Billboard 200 Top Albums 2019,120,24K Magic,4PgleR09JVnm3zY1fW3XBA,2016-11-17,['Bruno Mars'],['0du5cEVh5yTK9QJze8zA0C'],"[['dance pop', 'pop']]",[92],[37300396],That's What I Like,0KKkJNfGyhkQ5aFogxQAPU,84,['Bruno Mars'],['0du5cEVh5yTK9QJze8zA0C'],"[['dance pop', 'pop']]",[92],False,[37300396],0.853,0.56,1,0.0406,-4.961,1,0.013,0.0,0.0944,0.86,134.066,206693,4
120,0n3V7u9sMRV7sCDMhWxDtL,Billboard 200 Top Albums 2019,121,Greatest Hits,3RRcYI9ZM3nOiIo3bzaLeJ,1994-10-25,['Bob Seger'],['485uL27bPomh29R4JmQehQ'],"[['album rock', 'blues rock', 'classic rock', 'country rock', 'detroit rock', 'folk rock', 'hard rock', 'heartland rock', 'mellow gold', 'rock', 'soft rock']]",[70],[1555780],Old Time Rock & Roll,0nZg8CjMz7UomYLB4cF97g,39,['Bob Seger'],['485uL27bPomh29R4JmQehQ'],"[['album rock', 'blues rock', 'classic rock', 'country rock', 'detroit rock', 'folk rock', 'hard rock', 'heartland rock', 'mellow gold', 'rock', 'soft rock']]",[70],False,[1555780],0.719,0.931,6,0.0407,-2.987,1,0.212,0.0,0.0701,0.963,124.126,195454,4
121,0n3V7u9sMRV7sCDMhWxDtL,Billboard 200 Top Albums 2019,122,STOKELEY,0z0z4DcXhHiobX5ZKAw8Qn,2018-11-30,['Ski Mask The Slump God'],['2rhFzFmezpnW82MNqEKVry'],"[['miami hip hop', 'rap', 'underground hip hop']]",[81],[4733185],Faucet Failure,1ThmUihH9dF8EV08ku5AXN,78,['Ski Mask The Slump God'],['2rhFzFmezpnW82MNqEKVry'],"[['miami hip hop', 'rap', 'underground hip hop']]",[81],True,[4733185],0.935,0.552,10,0.335,-9.373,0,0.111,0.0,0.0952,0.615,99.993,145627,4
122,0n3V7u9sMRV7sCDMhWxDtL,Billboard 200 Top Albums 2019,123,Beauty Behind The Madness,0P3oVJBFOv3TDXlYRhGL7s,2015-08-28,['The Weeknd'],['1Xyo4u8uXC1ZmMpatF05PJ'],"[['canadian contemporary r&b', 'canadian pop', 'pop']]",[100],[40930648],The Hills,7fBv7CLKzipRk6EC6TWHOB,87,['The Weeknd'],['1Xyo4u8uXC1ZmMpatF05PJ'],"[['canadian contemporary r&b', 'canadian pop', 'pop']]",[100],True,[40930648],0.585,0.564,0,0.0515,-7.063,0,0.0671,0.0,0.135,0.137,113.003,242253,4
123,0n3V7u9sMRV7sCDMhWxDtL,Billboard 200 Top Albums 2019,124,We Love You Tecca,1I6FpscJIfwf4T56VxGVsB,2019-08-30,['Lil Tecca'],['4Ga1P7PMIsmqEZqhYZQgDo'],"[['melodic rap', 'rap']]",[83],[4724939],Ransom,1lOe9qE0vR9zwWQAOk6CoO,82,['Lil Tecca'],['4Ga1P7PMIsmqEZqhYZQgDo'],"[['melodic rap', 'rap']]",[83],True,[4724939],0.745,0.642,7,0.287,-6.257,0,0.0204,0.0,0.0658,0.226,179.974,131240,4
124,0n3V7u9sMRV7sCDMhWxDtL,Billboard 200 Top Albums 2019,125,Back In Black,6mUdeDZCsExyJLMdAfDuwh,1980-07-25,['AC/DC'],['711MCceyCBcFnzjGY4Q7Un'],"[['australian rock', 'hard rock', 'rock']]",[84],[22028426],Back In Black,08mG3Y1vljYA6bvDt4Wqkj,85,['AC/DC'],['711MCceyCBcFnzjGY4Q7Un'],"[['australian rock', 'hard rock', 'rock']]",[84],False,[22028426],0.31,0.7,9,0.047,-5.678,1,0.011,0.00965,0.0828,0.763,188.386,255493,4
125,0n3V7u9sMRV7sCDMhWxDtL,Billboard 200 Top Albums 2019,126,BALLADS 1,34GQP3dILpyCN018y2k61L,2018-10-26,['Joji'],['3MZsBdqDrRTJihTHQrO6Dq'],"[['alternative r&b', 'viral pop']]",[84],[5340758],SLOW DANCING IN THE DARK,0rKtyWc8bvkriBthvHKY8d,86,['Joji'],['3MZsBdqDrRTJihTHQrO6Dq'],"[['alternative r&b', 'viral pop']]",[84],True,[5340758],0.515,0.479,3,0.0261,-7.458,1,0.544,0.00598,0.191,0.284,88.964,209274,4
126,0n3V7u9sMRV7sCDMhWxDtL,Billboard 200 Top Albums 2019,127,ANTI,48i37aZTC1prDr4EcpQeEa,2016-01-28,['Rihanna'],['5pKCCKE2ajJHZ9KAiaK11H'],"[['barbadian pop', 'dance pop', 'pop', 'pop rap', 'urban contemporary']]",[91],[46732802],Work,5gZsEYaYvyi1sAVyuiXbDm,47,"['Rihanna', 'Drake']",['5pKCCKE2ajJHZ9KAiaK11H'],"[['barbadian pop', 'dance pop', 'pop', 'pop rap', 'urban contemporary']]",[91],True,[46732802],0.725,0.534,11,0.0946,-6.238,1,0.0752,0.0,0.0919,0.558,91.974,219320,4
127,0n3V7u9sMRV7sCDMhWxDtL,Billboard 200 Top Albums 2019,128,love (Deluxe Edition),68xKnVblFsSQ48CtgZT0oY,2018-11-16,['Michael Bublรฉ'],['1GxkXlMwML1oSg5eLPiAz3'],"[['adult standards', 'canadian pop', 'jazz pop', 'lounge']]",[87],[4966944],Love You Anymore,7JEUg9KqmpdIE5Nbb9ss66,66,['Michael Bublรฉ'],['1GxkXlMwML1oSg5eLPiAz3'],"[['adult standards', 'canadian pop', 'jazz pop', 'lounge']]",[87],False,[4966944],0.693,0.257,6,0.0356,-7.785,1,0.869,0.0,0.11,0.603,90.012,182667,4
128,0n3V7u9sMRV7sCDMhWxDtL,Billboard 200 Top Albums 2019,129,Thriller,2ANVost0y2y52ema1E9xAZ,1982-11-30,['Michael Jackson'],['3fMbdgg4jU18AjLCKBhRSm'],"[['pop', 'r&b', 'soul']]",[85],[21343094],Billie Jean,7J1uxwnxfQLu4APicE5Rnj,66,['Michael Jackson'],['3fMbdgg4jU18AjLCKBhRSm'],"[['pop', 'r&b', 'soul']]",[85],False,[21343094],0.932,0.457,11,0.0541,-9.62,0,0.0173,0.0436,0.0414,0.884,117.002,294227,4
129,0n3V7u9sMRV7sCDMhWxDtL,Billboard 200 Top Albums 2019,130,Christmas,3CKVXhODttZebJAzjUs2un,2011-10-14,['Michael Bublรฉ'],['1GxkXlMwML1oSg5eLPiAz3'],"[['adult standards', 'canadian pop', 'jazz pop', 'lounge']]",[87],[4966944],It's Beginning to Look a Lot like Christmas,0lLdorYw7lVrJydTINhWdI,73,['Michael Bublรฉ'],['1GxkXlMwML1oSg5eLPiAz3'],"[['adult standards', 'canadian pop', 'jazz pop', 'lounge']]",[87],False,[4966944],0.339,0.214,4,0.0375,-11.714,1,0.908,7.47e-06,0.341,0.363,94.775,206640,3
130,0n3V7u9sMRV7sCDMhWxDtL,Billboard 200 Top Albums 2019,131,We All Shine,09b9NC1oQbYaHcacgXn66k,2019-01-18,['YNW Melly'],['1cNDP5yjU5vjeR8qMf4grg'],"[['melodic rap', 'trap']]",[79],[7072103],Mixed Personalities (feat. Kanye West),6vWEAOUSxohKxhp0K1BsxL,74,"['YNW Melly', 'Kanye West']",['1cNDP5yjU5vjeR8qMf4grg'],"[['melodic rap', 'trap']]",[79],True,[7072103],0.661,0.44,2,0.0803,-9.104,1,0.457,0.0,0.128,0.352,149.937,230400,4
131,0n3V7u9sMRV7sCDMhWxDtL,Billboard 200 Top Albums 2019,132,Their Greatest Hits 1971-1975 (2013 Remaster),2Lgsa7jbu86SK5zJVFCh3S,1976,['Eagles'],['0ECwFtbIWEVNwjlrfc6xoL'],"[['album rock', 'classic rock', 'country rock', 'folk rock', 'heartland rock', 'mellow gold', 'rock', 'soft rock', 'yacht rock']]",[79],[7609866],Take It Easy - 2013 Remaster,5kT9zYfbVQa2Dz1s2QJ7aw,51,['Eagles'],['0ECwFtbIWEVNwjlrfc6xoL'],"[['album rock', 'classic rock', 'country rock', 'folk rock', 'heartland rock', 'mellow gold', 'rock', 'soft rock', 'yacht rock']]",[79],False,[7609866],0.575,0.67,7,0.0318,-10.39,1,0.343,4.95e-06,0.129,0.74,139.191,211578,4
132,0n3V7u9sMRV7sCDMhWxDtL,Billboard 200 Top Albums 2019,133,SKINS,1qsQOC4Jn0fnaUZLAbs4dz,2018-12-07,['XXXTENTACION'],['15UsOTVnJzReFVN1VCnxy4'],"[['emo rap', 'miami hip hop']]",[91],[33973036],BAD!,22An65gG31JLf9n18qjdhZ,73,['XXXTENTACION'],['15UsOTVnJzReFVN1VCnxy4'],"[['emo rap', 'miami hip hop']]",[91],False,[33973036],0.78,0.492,5,0.0671,-3.4,0,0.0643,0.0313,0.174,0.374,143.983,94246,4
133,0n3V7u9sMRV7sCDMhWxDtL,Billboard 200 Top Albums 2019,134,Greatest Hits So Far...,4YjC2XwME8RP4rmSIeGK7I,2014-11-07,['Zac Brown Band'],['6yJCxee7QumYr820xdIsjo'],"[['contemporary country', 'country', 'country road', 'modern country rock']]",[74],[2944278],Chicken Fried - Greatest Hits Version,1vq4dEytAKH7vNOxv8sGt0,0,['Zac Brown Band'],['6yJCxee7QumYr820xdIsjo'],"[['contemporary country', 'country', 'country road', 'modern country rock']]",[74],False,[2944278],0.564,0.718,6,0.0416,-4.235,1,0.647,0.0,0.098,0.8,169.848,236907,4
134,0n3V7u9sMRV7sCDMhWxDtL,Billboard 200 Top Albums 2019,135,Perfect Ten,5J4BVhfrPdwGqEuy0TcjXI,2019-06-28,['Mustard'],['0YinUQ50QDB7ZxSCLyQ40k'],"[['cali rap', 'hip hop', 'pop rap', 'rap', 'southern hip hop', 'trap']]",[77],[929787],Ballin' (with Roddy Ricch),7EnlrAcrJ7NbWGizdLXjuc,50,"['Mustard', 'Roddy Ricch']",['0YinUQ50QDB7ZxSCLyQ40k'],"[['cali rap', 'hip hop', 'pop rap', 'rap', 'southern hip hop', 'trap']]",[77],False,[929787],0.81,0.516,7,0.0736,-6.767,1,0.401,0.0,0.151,0.244,96.971,180435,4
135,0n3V7u9sMRV7sCDMhWxDtL,Billboard 200 Top Albums 2019,136,Divinely Uninspired To A Hellish Extent,5658aM19fA3JVwTK6eQX70,2019-05-17,['Lewis Capaldi'],['4GNC7GD6oZMSxPGyXy4MNB'],"[['pop', 'uk pop']]",[83],[9129584],Someone You Loved,7qEHsqek33rTcFNT9PFqLf,88,['Lewis Capaldi'],['4GNC7GD6oZMSxPGyXy4MNB'],"[['pop', 'uk pop']]",[83],False,[9129584],0.501,0.405,1,0.0319,-5.679,1,0.751,0.0,0.105,0.446,109.891,182161,4
136,0n3V7u9sMRV7sCDMhWxDtL,Billboard 200 Top Albums 2019,137,KOD,4Wv5UAieM1LDEYVq5WmqDd,2018-04-20,['J. Cole'],['6l3HvQ5sa6mXTsMTB19rO5'],"[['conscious hip hop', 'hip hop', 'north carolina hip hop', 'rap']]",[89],[15591924],KOD,7yotKA30dwTKNEGomV9ZsI,71,['J. Cole'],['6l3HvQ5sa6mXTsMTB19rO5'],"[['conscious hip hop', 'hip hop', 'north carolina hip hop', 'rap']]",[89],True,[15591924],0.823,0.783,0,0.154,-6.274,1,0.21,0.0,0.113,0.199,141.882,191437,4
137,0n3V7u9sMRV7sCDMhWxDtL,Billboard 200 Top Albums 2019,138,CALM,46K4raQPIGem3N031upNj9,2020-03-27,['5 Seconds of Summer'],['5Rl15oVamLq7FbSb0NNBNy'],"[['boy band', 'dance pop', 'electropop', 'pop', 'post-teen pop']]",[82],[8197447],Teeth,3NxWJWftvkstyxvb1pZlFo,65,['5 Seconds of Summer'],['5Rl15oVamLq7FbSb0NNBNy'],"[['boy band', 'dance pop', 'electropop', 'pop', 'post-teen pop']]",[82],False,[8197447],0.745,0.454,3,0.0392,-2.986,0,0.0437,3.47e-06,0.0741,0.43,139.007,205503,4
138,0n3V7u9sMRV7sCDMhWxDtL,Billboard 200 Top Albums 2019,139,In The Lonely Hour,08jWgM4vSkTose4blKBWov,2014-05-26,['Sam Smith'],['2wY79sveU1sp5g7SokKOiI'],"[['dance pop', 'pop', 'uk pop']]",[87],[18568927],Stay With Me,5Nm9ERjJZ5oyfXZTECKmRt,83,['Sam Smith'],['2wY79sveU1sp5g7SokKOiI'],"[['dance pop', 'pop', 'uk pop']]",[87],False,[18568927],0.418,0.42,0,0.0414,-6.444,1,0.588,6.39e-05,0.11,0.184,84.094,172724,4
139,0n3V7u9sMRV7sCDMhWxDtL,Billboard 200 Top Albums 2019,140,Cry Pretty,6LURWtPusB5fGenqj0lbFd,2018-09-14,['Carrie Underwood'],['4xFUf1FHVy696Q1JQZMTRj'],"[['contemporary country', 'country', 'country dawn', 'country road', 'oklahoma country', 'post-teen pop']]",[75],[4964460],The Champion - Bonus Track,2F6JxWMP2ZfmVErc3ZTmqQ,61,"['Carrie Underwood', 'Ludacris']",['4xFUf1FHVy696Q1JQZMTRj'],"[['contemporary country', 'country', 'country dawn', 'country road', 'oklahoma country', 'post-teen pop']]",[75],False,[4964460],0.529,0.87,8,0.327,-3.32,0,0.0529,0.0,0.0946,0.36,182.1,222507,4
140,0n3V7u9sMRV7sCDMhWxDtL,Billboard 200 Top Albums 2019,141,JESUS IS KING,0FgZKfoU2Br5sHOfvZKTI9,2019-10-25,['Kanye West'],['5K4W6rqBFWDnAN6FQUkS6x'],"[['chicago rap', 'rap']]",[94],[16173510],Follow God,2QpGZOhTCHHiKmpSO9FW4h,75,['Kanye West'],['5K4W6rqBFWDnAN6FQUkS6x'],"[['chicago rap', 'rap']]",[94],False,[16173510],0.529,0.9,1,0.418,-3.503,1,0.000248,1.21e-05,0.0426,0.434,180.291,104591,4
141,0n3V7u9sMRV7sCDMhWxDtL,Billboard 200 Top Albums 2019,142,Expectations,4TOkZvtqNpg5UHyGxCn0mS,2018-06-22,['Bebe Rexha'],['64M6ah0SkkRsnPGtGiRAbb'],"[['dance pop', 'edm', 'electropop', 'pop', 'post-teen pop']]",[82],[6980519],Meant to Be (feat. Florida Georgia Line),4e4fqjx0Izh4svvTef1z7e,72,"['Bebe Rexha', 'Florida Georgia Line']",['64M6ah0SkkRsnPGtGiRAbb'],"[['dance pop', 'edm', 'electropop', 'pop', 'post-teen pop']]",[82],False,[6980519],0.642,0.772,10,0.0848,-6.61,1,0.0476,0.0,0.0646,0.589,153.995,164205,4
142,0n3V7u9sMRV7sCDMhWxDtL,Billboard 200 Top Albums 2019,143,Chasing Colors (feat. Noah Cyrus),4Lp0jynclQS3WCmxJZCFOl,2017-02-24,"['Marshmello', 'Ookay']","['64KEffDW9EtZ1y2vBYgq8T', '1HQGhla3VNj1dBmKTtVT2t']","[['brostep', 'dance pop', 'edm', 'pop', 'pop dance', 'progressive electro house'], ['dubstep', 'edm', 'electro house', 'electronic trap', 'pop edm', 'vapor twitch']]","[86, 56]","[32948992, 230233]",Chasing Colors (feat. Noah Cyrus),1VxogbO6bfygdfaCnE9oLb,58,"['Marshmello', 'Ookay', 'Noah Cyrus']","['64KEffDW9EtZ1y2vBYgq8T', '1HQGhla3VNj1dBmKTtVT2t']","[['brostep', 'dance pop', 'edm', 'pop', 'pop dance', 'progressive electro house'], ['dubstep', 'edm', 'electro house', 'electronic trap', 'pop edm', 'vapor twitch']]","[86, 56]",False,"[32948992, 230233]",0.573,0.951,3,0.0421,-1.376,0,0.000483,0.00451,0.172,0.408,150.063,195200,4
143,0n3V7u9sMRV7sCDMhWxDtL,Billboard 200 Top Albums 2019,144,Greatest Hits,5XqEf16OrHdmMoNS1b6WDg,2007-03-05,['The Notorious B.I.G.'],['5me0Irg2ANcsgc93uaYrpb'],"[['east coast hip hop', 'gangster rap', 'hardcore hip hop', 'hip hop', 'rap']]",[81],[7159258],Hypnotize - 2007 Remaster,6Tsu3OsuMz4KEGKbOYd6A0,74,['The Notorious B.I.G.'],['5me0Irg2ANcsgc93uaYrpb'],"[['east coast hip hop', 'gangster rap', 'hardcore hip hop', 'hip hop', 'rap']]",[81],True,[7159258],0.895,0.694,9,0.275,-4.384,1,0.176,0.0,0.292,0.632,93.944,230000,4
144,0n3V7u9sMRV7sCDMhWxDtL,Billboard 200 Top Albums 2019,145,Die Lit,7dAm8ShwJLFm9SaJ6Yc58O,2018-05-11,['Playboi Carti'],['699OTQXzgjhIYAHMy9RyPD'],"[['atl hip hop', 'plugg', 'rap', 'trap']]",[88],[5910798],Shoota (feat. Lil Uzi Vert),2BJSMvOGABRxokHKB0OI8i,83,"['Playboi Carti', 'Lil Uzi Vert']",['699OTQXzgjhIYAHMy9RyPD'],"[['atl hip hop', 'plugg', 'rap', 'trap']]",[88],True,[5910798],0.673,0.649,1,0.196,-8.433,0,0.188,0.0,0.122,0.47,153.075,153800,4
145,0n3V7u9sMRV7sCDMhWxDtL,Billboard 200 Top Albums 2019,146,California Sunrise,1DTBcVfk3zXPHRmgpY6rFZ,2016-05-13,['Jon Pardi'],['4MoAOfV4ROWofLG3a3hhBN'],"[['contemporary country', 'country', 'country road', 'modern country rock']]",[73],[1341353],Head Over Boots,4ly1QBXEwYoDmje9rmEgC4,73,['Jon Pardi'],['4MoAOfV4ROWofLG3a3hhBN'],"[['contemporary country', 'country', 'country road', 'modern country rock']]",[73],False,[1341353],0.563,0.688,7,0.0262,-4.474,1,0.0763,0.0,0.0863,0.622,108.008,202347,4
146,0n3V7u9sMRV7sCDMhWxDtL,Billboard 200 Top Albums 2019,147,Suncity,4UNwL1B7JoymNUiTFJa52B,2018-10-19,['Khalid'],['6LuN9FCkKOj5PcnpouEgny'],"[['pop', 'pop r&b']]",[89],[14798056],Better,2OpBganfGk2GVdSlRdxzaX,61,['Khalid'],['6LuN9FCkKOj5PcnpouEgny'],"[['pop', 'pop r&b']]",[89],False,[14798056],0.695,0.586,0,0.0658,-10.315,0,0.102,0.317,0.113,0.112,98.035,229320,4
147,0n3V7u9sMRV7sCDMhWxDtL,Billboard 200 Top Albums 2019,148,Greatest Hits,3q6Bz38jmqRDkXI7j5Hb9Y,2008-05-20,['Tom Petty and the Heartbreakers'],['4tX2TplrkIP4v05BNC903e'],"[['album rock', 'blues rock', 'classic rock', 'country rock', 'folk rock', 'hard rock', 'heartland rock', 'mellow gold', 'pop rock', 'psychedelic rock', 'rock', 'roots rock', 'soft rock']]",[71],[2107511],Free Fallin',44Mmek058DbzJeVGt9q8iJ,37,['Tom Petty'],['4tX2TplrkIP4v05BNC903e'],"[['album rock', 'blues rock', 'classic rock', 'country rock', 'folk rock', 'hard rock', 'heartland rock', 'mellow gold', 'pop rock', 'psychedelic rock', 'rock', 'roots rock', 'soft rock']]",[71],False,[2107511],0.619,0.504,5,0.025,-11.562,1,0.0614,0.0,0.06,0.567,84.336,255680,4
148,0n3V7u9sMRV7sCDMhWxDtL,Billboard 200 Top Albums 2019,149,Hurts 2B Human,6JKkXVEljQJ1wKbRG5MywC,2019-04-26,['P!nk'],['1KCSPY1glIKqW2TotWuXOR'],"[['dance pop', 'pop']]",[84],[12502791],Walk Me Home,2N9bw4i7YitdN2LDDhMmpe,58,['P!nk'],['1KCSPY1glIKqW2TotWuXOR'],"[['dance pop', 'pop']]",[84],False,[12502791],0.652,0.453,1,0.0445,-6.119,1,0.0519,0.0,0.179,0.432,88.038,177391,3
149,0n3V7u9sMRV7sCDMhWxDtL,Billboard 200 Top Albums 2019,150,Quality Control: Control The Streets Volume 2,59zpaLOByFkJhc9D5Xqna9,2019-08-16,['Quality Control'],['6i392l38cR3uBPF0DbNs7S'],"[['hip hop', 'melodic rap', 'pop rap', 'rap', 'southern hip hop', 'trap']]",[69],[943871],Baby (Lil Baby feat. DaBaby),5MPPttjfGap2C6j6eKcO6J,74,"['Quality Control', 'Lil Baby', 'DaBaby']",['6i392l38cR3uBPF0DbNs7S'],"[['hip hop', 'melodic rap', 'pop rap', 'rap', 'southern hip hop', 'trap']]",[69],True,[943871],0.97,0.463,10,0.366,-7.259,1,0.0957,0.0,0.151,0.46,108.003,142417,4
150,0n3V7u9sMRV7sCDMhWxDtL,Billboard 200 Top Albums 2019,151,FRIENDS KEEP SECRETS,7dQ734EW0iLvQfF6vBFNiZ,2018-12-07,['benny blanco'],['5CiGnKThu5ctn9pBxv7DGa'],"[['electropop', 'pop', 'pop rap']]",[77],[863534],Eastside (with Halsey & Khalid),7FGq80cy8juXBCD2nrqdWU,75,"['benny blanco', 'Halsey', 'Khalid']",['5CiGnKThu5ctn9pBxv7DGa'],"[['electropop', 'pop', 'pop rap']]",[77],False,[863534],0.632,0.686,6,0.243,-7.665,0,0.549,0.0,0.2,0.329,89.949,170770,4
151,0n3V7u9sMRV7sCDMhWxDtL,Billboard 200 Top Albums 2019,152,AI YoungBoy 2,1nzUj7VkiaytMmf2KrhK2L,2019-10-11,['YoungBoy Never Broke Again'],['7wlFDEWiM5OoIAt8RSli8b'],"[['baton rouge rap', 'trap']]",[87],[8104576],Make No Sense,6klLvorLoo1sxvZcjJIY8I,77,['YoungBoy Never Broke Again'],['7wlFDEWiM5OoIAt8RSli8b'],"[['baton rouge rap', 'trap']]",[87],True,[8104576],0.876,0.733,10,0.333,-4.478,0,0.0208,0.0,0.0999,0.962,154.904,148630,4
152,0n3V7u9sMRV7sCDMhWxDtL,Billboard 200 Top Albums 2019,153,Center Point Road,5gnWhEFNbtCn0RLG2cp90g,2019-05-31,['Thomas Rhett'],['6x2LnllRG5uGarZMsD4iO8'],"[['contemporary country', 'country', 'country road', 'modern country rock']]",[77],[4009712],Look What God Gave Her,2KqJC0koTBUyDlsMt5ok1V,71,['Thomas Rhett'],['6x2LnllRG5uGarZMsD4iO8'],"[['contemporary country', 'country', 'country road', 'modern country rock']]",[77],False,[4009712],0.739,0.85,2,0.0308,-3.966,1,0.0272,0.0,0.181,0.883,113.0,168960,4
153,0n3V7u9sMRV7sCDMhWxDtL,Billboard 200 Top Albums 2019,154,Nothing Was The Same,1XslIirSxfAhhxRdn4Li9t,2013-01-01,['Drake'],['3TVXtAsR1Inumwj472S9r4'],"[['canadian hip hop', 'canadian pop', 'hip hop', 'rap', 'toronto rap']]",[98],[60310746],"Hold On, We're Going Home",2aSC2xhRxOLiiZZVjhbylH,72,"['Drake', 'Majid Jordan']",['3TVXtAsR1Inumwj472S9r4'],"[['canadian hip hop', 'canadian pop', 'hip hop', 'rap', 'toronto rap']]",[98],False,[60310746],0.777,0.414,6,0.0946,-7.44,0,0.00421,2.73e-05,0.0724,0.287,100.002,227880,4
154,0n3V7u9sMRV7sCDMhWxDtL,Billboard 200 Top Albums 2019,155,HOMECOMING: THE LIVE ALBUM,35S1JCj5paIfElT2GODl6x,2019-04-17,['Beyoncรฉ'],['6vWDO969PvNqNYHIOW5v0m'],"[['dance pop', 'pop', 'r&b']]",[86],[30095227],Before I Let Go - Homecoming Live Bonus Track,7LikBkHerFGZ58QHVOKp1t,57,['Beyoncรฉ'],['6vWDO969PvNqNYHIOW5v0m'],"[['dance pop', 'pop', 'r&b']]",[86],False,[30095227],0.71,0.842,6,0.0944,-5.424,0,0.0686,0.0,0.337,0.435,102.994,240777,4
155,0n3V7u9sMRV7sCDMhWxDtL,Billboard 200 Top Albums 2019,156,The Prequel - EP,4nFW5W1gIwov6e4lAzn2vA,2019-06-07,['Luke Combs'],['718COspgdWOnwOFpJHRZHS'],"[['contemporary country', 'country']]",[83],[6057090],Beer Never Broke My Heart,7nfmK6oHPDlAd68A11d7AN,1,['Luke Combs'],['718COspgdWOnwOFpJHRZHS'],"[['contemporary country', 'country']]",[83],False,[6057090],0.54,0.863,1,0.0481,-4.483,1,0.0138,0.0,0.0871,0.64,77.0,186800,4
156,0n3V7u9sMRV7sCDMhWxDtL,Billboard 200 Top Albums 2019,157,Greatest Hits,3Qf4H3NYSp3BMIRe6WOyOA,2020-08-28,"[""Guns N' Roses""]",['3qm84nBOXUEQ2vnTfUTTFC'],"[['glam metal', 'hard rock', 'rock']]",[81],[23206811],Sweet Child O' Mine,6DtmnN7wK6m8dI8UNaz3sG,43,"[""Guns N' Roses""]",['3qm84nBOXUEQ2vnTfUTTFC'],"[['glam metal', 'hard rock', 'rock']]",[81],True,[23206811],0.436,0.947,6,0.049,-4.759,1,0.0876,0.073,0.113,0.637,125.132,355267,4
157,0n3V7u9sMRV7sCDMhWxDtL,Billboard 200 Top Albums 2019,158,21,0Lg1uZvI312TPqxNWShFXL,2011-01-24,['Adele'],['4dpARuHxo51G3z768sgnrY'],"[['british soul', 'pop', 'pop soul', 'uk pop']]",[94],[33155274],Someone Like You,1zwMYTA5nlNjZxYrvBB2pV,81,['Adele'],['4dpARuHxo51G3z768sgnrY'],"[['british soul', 'pop', 'pop soul', 'uk pop']]",[94],False,[33155274],0.556,0.319,9,0.0281,-8.251,1,0.893,0.0,0.0996,0.294,135.187,285240,4
158,0n3V7u9sMRV7sCDMhWxDtL,Billboard 200 Top Albums 2019,159,The Big Day,7niOG7nbuUzXSvNtJruogj,2019-07-26,['Chance the Rapper'],['1anyVhU62p31KFi8MEzkbf'],"[['chicago rap', 'conscious hip hop', 'hip hop', 'pop rap', 'rap']]",[80],[5527618],Hot Shower,3Z7i1NGcs84maLOMX0LpL3,37,"['Chance the Rapper', 'MadeinTYO', 'DaBaby']",['1anyVhU62p31KFi8MEzkbf'],"[['chicago rap', 'conscious hip hop', 'hip hop', 'pop rap', 'rap']]",[80],False,[5527618],0.899,0.495,9,0.389,-8.156,1,0.00132,0.0,0.0586,0.59,149.979,225924,4
159,0n3V7u9sMRV7sCDMhWxDtL,Billboard 200 Top Albums 2019,160,Nevermind (Remastered),2guirTSEqLizK7j9i1MTTZ,1991-09-26,['Nirvana'],['6olE6TJLqED3rqDCT0FyPh'],"[['alternative rock', 'grunge', 'permanent wave', 'rock']]",[83],[14425025],Smells Like Teen Spirit,5ghIJDpPoe3CfHMGu71E6T,80,['Nirvana'],['6olE6TJLqED3rqDCT0FyPh'],"[['alternative rock', 'grunge', 'permanent wave', 'rock']]",[83],False,[14425025],0.502,0.912,1,0.0564,-4.556,1,2.55e-05,0.000173,0.106,0.72,116.761,301920,4
160,0n3V7u9sMRV7sCDMhWxDtL,Billboard 200 Top Albums 2019,161,Brett Young,6MTPPsqX8KnmDWmnQmbxJ5,2017-02-10,['Brett Young'],['0fiWOxhsBsQQvFDtxUQWo0'],[['contemporary country']],[71],[825922],In Case You Didn't Know,10M2Ex445zw585Ducldzkw,77,['Brett Young'],['0fiWOxhsBsQQvFDtxUQWo0'],[['contemporary country']],[71],False,[825922],0.607,0.536,10,0.0305,-7.306,1,0.386,0.0,0.102,0.434,147.986,224853,4
161,0n3V7u9sMRV7sCDMhWxDtL,Billboard 200 Top Albums 2019,162,The Beatles (Remastered),1klALx0u4AavZNEvC4LrTL,1968-11-22,['The Beatles'],['3WrFJ7ztbogyGnTHbHJFl2'],"[['beatlesque', 'british invasion', 'classic rock', 'merseybeat', 'psychedelic rock', 'rock']]",[89],[21722211],While My Guitar Gently Weeps - Remastered 2009,389QX9Q1eUOEZ19vtzzI9O,72,['The Beatles'],['3WrFJ7ztbogyGnTHbHJFl2'],"[['beatlesque', 'british invasion', 'classic rock', 'merseybeat', 'psychedelic rock', 'rock']]",[89],False,[21722211],0.453,0.654,4,0.0317,-8.855,0,0.0205,0.00395,0.172,0.702,115.0,285000,4
162,0n3V7u9sMRV7sCDMhWxDtL,Billboard 200 Top Albums 2019,163,Fever,5WLquTz7nUnsHCj80b6wci,2019-05-17,['Megan Thee Stallion'],['181bsRPaVXVlUKXrxwZfHK'],"[['houston rap', 'pop', 'trap queen']]",[86],[5860094],Cash Shit (feat. DaBaby),2rMAtCaTj16NptyVfEIeAC,71,"['Megan Thee Stallion', 'DaBaby']",['181bsRPaVXVlUKXrxwZfHK'],"[['houston rap', 'pop', 'trap queen']]",[86],True,[5860094],0.921,0.635,1,0.416,-4.904,1,0.0218,0.0,0.0946,0.549,130.028,192540,4
163,0n3V7u9sMRV7sCDMhWxDtL,Billboard 200 Top Albums 2019,164,DNA,02FX4aLHDNacfV4bMnO9Kv,2019-01-25,['Backstreet Boys'],['5rSXSAkZ67PYJSvpUpkOr7'],"[['boy band', 'dance pop']]",[78],[4284519],Don't Go Breaking My Heart,1E3ghCAkxEdT5KHVBwArr3,52,['Backstreet Boys'],['5rSXSAkZ67PYJSvpUpkOr7'],"[['boy band', 'dance pop']]",[78],False,[4284519],0.643,0.703,0,0.0913,-5.573,1,0.0218,0.0,0.0964,0.246,95.041,215724,4
164,0n3V7u9sMRV7sCDMhWxDtL,Billboard 200 Top Albums 2019,165,hopeless fountain kingdom (Deluxe),7GjG91tyHQNGEHzKJaqOi0,2017-06-02,['Halsey'],['26VFTg2z8YR0cCuwLzESi2'],"[['dance pop', 'electropop', 'etherpop', 'indie poptimism', 'pop']]",[87],[16872229],Bad At Love,7y9iMe8SOB6z3NoHE2OfXl,75,['Halsey'],['26VFTg2z8YR0cCuwLzESi2'],"[['dance pop', 'electropop', 'etherpop', 'indie poptimism', 'pop']]",[87],False,[16872229],0.675,0.751,0,0.0296,-3.539,1,0.0604,0.0,0.0893,0.612,118.384,181279,4
165,0n3V7u9sMRV7sCDMhWxDtL,Billboard 200 Top Albums 2019,166,Luca Brasi 3,0iU6k5p5NFNbAc1MOFMusJ,2018-09-28,['Kevin Gates'],['1gPhS1zisyXr5dHTYZyiMe'],"[['baton rouge rap', 'pop rap', 'rap', 'southern hip hop', 'trap']]",[79],[4737589],Me Too,3yXFcbGxFn2au5q3pShkAe,69,['Kevin Gates'],['1gPhS1zisyXr5dHTYZyiMe'],"[['baton rouge rap', 'pop rap', 'rap', 'southern hip hop', 'trap']]",[79],True,[4737589],0.726,0.605,7,0.296,-5.002,1,0.152,0.0,0.642,0.36,139.233,202301,4
166,0n3V7u9sMRV7sCDMhWxDtL,Billboard 200 Top Albums 2019,167,Doo-Wops & Hooligans,1uyf3l2d4XYwiEqAb7t7fX,2010-10-05,['Bruno Mars'],['0du5cEVh5yTK9QJze8zA0C'],"[['dance pop', 'pop']]",[92],[37300396],Just the Way You Are,7BqBn9nzAq8spo5e7cZ0dJ,83,['Bruno Mars'],['0du5cEVh5yTK9QJze8zA0C'],"[['dance pop', 'pop']]",[92],False,[37300396],0.635,0.841,5,0.0422,-5.379,1,0.0134,0.0,0.0622,0.424,109.021,220734,4
167,0n3V7u9sMRV7sCDMhWxDtL,Billboard 200 Top Albums 2019,168,Blonde,3mH6qwIy9crq0I9YQbOuDf,2016-08-20,['Frank Ocean'],['2h93pZq0e7k5yf4dywlkpM'],"[['alternative r&b', 'hip hop', 'lgbtq+ hip hop', 'neo soul', 'pop']]",[86],[8795232],Nights,7eqoqGkKwgOaWNNHx90uEZ,80,['Frank Ocean'],['2h93pZq0e7k5yf4dywlkpM'],"[['alternative r&b', 'hip hop', 'lgbtq+ hip hop', 'neo soul', 'pop']]",[86],True,[8795232],0.466,0.548,5,0.118,-9.362,0,0.42,1.01e-06,0.113,0.423,89.815,307151,4
168,0n3V7u9sMRV7sCDMhWxDtL,Billboard 200 Top Albums 2019,169,Evil Genius,5xqQtdlJUY7Fg4BMp13LrX,2018-12-07,['Gucci Mane'],['13y7CgLHjMVRMDqxdx0Xdo'],"[['atl hip hop', 'dirty south rap', 'gangster rap', 'hip hop', 'pop rap', 'rap', 'southern hip hop', 'trap']]",[81],[4137580],Wake Up in the Sky,2G1tXoGBaEMJ7FKGnkf6ud,73,"['Gucci Mane', 'Bruno Mars', 'Kodak Black']",['13y7CgLHjMVRMDqxdx0Xdo'],"[['atl hip hop', 'dirty south rap', 'gangster rap', 'hip hop', 'pop rap', 'rap', 'southern hip hop', 'trap']]",[81],True,[4137580],0.8,0.578,4,0.0485,-5.144,0,0.00381,0.0,0.367,0.367,143.01,203161,4
169,0n3V7u9sMRV7sCDMhWxDtL,Billboard 200 Top Albums 2019,170,Future & Juice WRLD Present... WRLD ON DRUGS,6P9PZjWXoCRF5b66BafPKY,2018-10-19,"['Future', 'Juice WRLD']","['1RyvyyTE3xzB2ZywiAwp0i', '4MCBfE4596Uoi2O4DtmEMz']","[['atl hip hop', 'pop rap', 'rap', 'southern hip hop', 'trap'], ['chicago rap', 'melodic rap']]","[91, 96]","[11044152, 21889473]",Fine China,5274I4mUMnYczyeXkGDWZN,75,"['Future', 'Juice WRLD']","['1RyvyyTE3xzB2ZywiAwp0i', '4MCBfE4596Uoi2O4DtmEMz']","[['atl hip hop', 'pop rap', 'rap', 'southern hip hop', 'trap'], ['chicago rap', 'melodic rap']]","[91, 96]",True,"[11044152, 21889473]",0.656,0.542,7,0.323,-7.358,1,0.0484,0.0,0.126,0.551,166.111,141587,4
170,0n3V7u9sMRV7sCDMhWxDtL,Billboard 200 Top Albums 2019,171,A Decade of Destruction,3vATbcJ2Od6FKPt9aDqz5i,2017-12-01,['Five Finger Death Punch'],['5t28BP42x2axFnqOOMg3CM'],"[['alternative metal', 'groove metal', 'nu metal']]",[77],[5256000],Wrong Side of Heaven,3HHZLLxDiALhkVAQZ4CZNF,29,['Five Finger Death Punch'],['5t28BP42x2axFnqOOMg3CM'],"[['alternative metal', 'groove metal', 'nu metal']]",[77],False,[5256000],0.482,0.926,4,0.0666,-5.123,0,0.00685,0.0,0.288,0.529,150.014,271000,4
171,0n3V7u9sMRV7sCDMhWxDtL,Billboard 200 Top Albums 2019,172,Care Package,7dqpveMVcWgbzqYrOdkFTD,2019-08-02,['Drake'],['3TVXtAsR1Inumwj472S9r4'],"[['canadian hip hop', 'canadian pop', 'hip hop', 'rap', 'toronto rap']]",[98],[60310746],Trust Issues,4Wjhj0WjkyECccfHVIgaTq,71,['Drake'],['3TVXtAsR1Inumwj472S9r4'],"[['canadian hip hop', 'canadian pop', 'hip hop', 'rap', 'toronto rap']]",[98],True,[60310746],0.421,0.539,11,0.274,-5.456,0,0.779,0.0,0.111,0.523,89.177,281519,3
172,0n3V7u9sMRV7sCDMhWxDtL,Billboard 200 Top Albums 2019,173,Aladdin (Original Motion Picture Soundtrack),4WGcPCflN9FNccSu7tE9iS,2019-05-22,['Various Artists'],['0LyfQWJT6nXafLPZqxe9Of'],[[]],[0],[1447145],A Whole New World (End Title),4U9CF27YlwHRtUGKUzhUTT,63,"['ZAYN', 'Zhavia Ward']",['0LyfQWJT6nXafLPZqxe9Of'],[[]],[0],False,[1447145],0.302,0.414,2,0.0319,-8.16,1,0.0575,0.0,0.0861,0.105,110.508,242956,4
173,0n3V7u9sMRV7sCDMhWxDtL,Billboard 200 Top Albums 2019,174,Metallica (Remastered),55fq75UfkYbGMq4CncCtOH,1991-08-12,['Metallica'],['2ye2Wgw4gimLv2eAKyk1NB'],"[['hard rock', 'metal', 'old school thrash', 'rock', 'thrash metal']]",[84],[20139546],Enter Sandman (Remastered),3VqHuw0wFlIHcIPWkhIbdQ,76,['Metallica'],['2ye2Wgw4gimLv2eAKyk1NB'],"[['hard rock', 'metal', 'old school thrash', 'rock', 'thrash metal']]",[84],False,[20139546],0.566,0.834,6,0.0298,-8.412,0,0.00277,0.008,0.0625,0.621,123.296,331560,4
174,0n3V7u9sMRV7sCDMhWxDtL,Billboard 200 Top Albums 2019,175,Heartbreak on a Full Moon,3PlMjZnwN5bDJeFRPXfTxf,2017-10-31,['Chris Brown'],['7bXgB6jMjp9ATFy66eO08Z'],"[['dance pop', 'pop', 'pop rap', 'r&b', 'rap']]",[90],[15241131],Questions,6bP3V9IxVFaeTDxmEKV5lk,30,['Chris Brown'],['7bXgB6jMjp9ATFy66eO08Z'],"[['dance pop', 'pop', 'pop rap', 'r&b', 'rap']]",[90],False,[15241131],0.444,0.588,10,0.0787,-6.363,0,0.00702,0.0,0.0985,0.64,103.146,129480,4
175,0n3V7u9sMRV7sCDMhWxDtL,Billboard 200 Top Albums 2019,176,Christmas Is Here!,6thZNGX8hUVSjUrqJgPB9b,2018-10-19,['Pentatonix'],['26AHtbjWKiwYzsoGoUZq53'],[['a cappella']],[81],[3203902],Grown-Up Christmas List (feat. Kelly Clarkson),47qXmZMqUZDXSnP5zONlwY,61,"['Pentatonix', 'Kelly Clarkson']",['26AHtbjWKiwYzsoGoUZq53'],[['a cappella']],[81],False,[3203902],0.339,0.376,8,0.0311,-6.144,1,0.201,0.0,0.116,0.185,121.807,281973,4
176,0n3V7u9sMRV7sCDMhWxDtL,Billboard 200 Top Albums 2019,177,Greatest Hits,53tvjWbVNZKd3CvpENkzOC,2003-11-18,['Red Hot Chili Peppers'],['0L8ExT028jH3ddEcZwqJJ5'],"[['alternative rock', 'funk metal', 'funk rock', 'permanent wave', 'rock']]",[84],[17378550],Under the Bridge,23NPGXlSaIqWzvxIRhM2oG,61,['Red Hot Chili Peppers'],['0L8ExT028jH3ddEcZwqJJ5'],"[['alternative rock', 'funk metal', 'funk rock', 'permanent wave', 'rock']]",[84],False,[17378550],0.554,0.49,4,0.0457,-8.046,1,0.0168,0.000534,0.136,0.513,84.275,265507,4
177,0n3V7u9sMRV7sCDMhWxDtL,Billboard 200 Top Albums 2019,178,LIFE'S A TRIP,214f4uAY0p2KgY7Fl4fBgk,2018-08-10,['Trippie Redd'],['6Xgp2XMz1fhVYe7i6yNAax'],"[['melodic rap', 'rap', 'trap']]",[88],[7126462],Taking A Walk,4mHgYpuGHu99Mw69E83CP2,80,['Trippie Redd'],['6Xgp2XMz1fhVYe7i6yNAax'],"[['melodic rap', 'rap', 'trap']]",[88],True,[7126462],0.767,0.538,0,0.052,-6.044,0,0.68,0.0,0.192,0.343,81.031,121680,4
178,0n3V7u9sMRV7sCDMhWxDtL,Billboard 200 Top Albums 2019,179,Girl Code,6zzs0HMzEPRotJaEJe8uwJ,2018-11-16,['City Girls'],['37hAfseJWi0G3Scife12Il'],"[['dance pop', 'pop', 'pop rap', 'r&b', 'scam rap', 'trap queen']]",[74],[1832604],Act Up,3A2yGHWIzmGEIolwonU69h,71,['City Girls'],['37hAfseJWi0G3Scife12Il'],"[['dance pop', 'pop', 'pop rap', 'r&b', 'scam rap', 'trap queen']]",[74],True,[1832604],0.938,0.638,8,0.189,-4.713,1,0.0167,0.0,0.111,0.313,97.075,158332,4
179,0n3V7u9sMRV7sCDMhWxDtL,Billboard 200 Top Albums 2019,180,CrasH Talk,3UTp6spxkyTdvsmJDPfb7n,2019-04-26,['ScHoolboy Q'],['5IcR3N7QB1j6KBL8eImZ8m'],"[['gangster rap', 'hip hop', 'pop rap', 'rap', 'southern hip hop', 'trap', 'underground hip hop']]",[78],[4001324],Numb Numb Juice,6tByydPskASjm9jTPkNQq0,68,['ScHoolboy Q'],['5IcR3N7QB1j6KBL8eImZ8m'],"[['gangster rap', 'hip hop', 'pop rap', 'rap', 'southern hip hop', 'trap', 'underground hip hop']]",[78],True,[4001324],0.885,0.492,1,0.367,-6.015,1,0.00172,7.79e-05,0.081,0.203,156.958,107147,4
180,0n3V7u9sMRV7sCDMhWxDtL,Billboard 200 Top Albums 2019,181,Northsbest (Extended),1swAVGWvvjHx0g1iS0Sx6T,2018-10-19,['Lil Mosey'],['5zctI4wO9XSKS8XwcnqEHk'],"[['melodic rap', 'rap', 'rap conscient', 'trap', 'vapor trap']]",[77],[4287813],Noticed,6DUsfZoknrEuUr7ARuO8Qj,42,['Lil Mosey'],['5zctI4wO9XSKS8XwcnqEHk'],"[['melodic rap', 'rap', 'rap conscient', 'trap', 'vapor trap']]",[77],False,[4287813],0.704,0.564,8,0.0486,-7.792,0,0.425,0.0,0.116,0.545,79.993,165000,4
181,0n3V7u9sMRV7sCDMhWxDtL,Billboard 200 Top Albums 2019,182,Norman Fucking Rockwell!,5XpEKORZ4y6OrCZSKsi46A,2019-08-30,['Lana Del Rey'],['00FQb4jTyendYWaN8pK0wa'],"[['art pop', 'pop']]",[87],[15082558],Doin' Time,0Oqc0kKFsQ6MhFOLBNZIGX,73,['Lana Del Rey'],['00FQb4jTyendYWaN8pK0wa'],"[['art pop', 'pop']]",[87],True,[15082558],0.641,0.559,7,0.0355,-11.132,0,0.404,0.00402,0.0937,0.523,144.982,202193,4
182,0n3V7u9sMRV7sCDMhWxDtL,Billboard 200 Top Albums 2019,183,The Very Best Of The Beach Boys: Sounds Of Summer,47VjIh8rgyMJJHNR98w0Kw,2003-01-01,['The Beach Boys'],['3oDbviiivRWhXwIE8hxkVV'],"[['baroque pop', 'brill building pop', 'classic rock', 'psychedelic rock', 'rock', 'sunshine pop']]",[77],[3474580],Wouldn't It Be Nice - Remastered 1999,5llxmU3DIchAIJyJ52yGr4,33,['The Beach Boys'],['3oDbviiivRWhXwIE8hxkVV'],"[['baroque pop', 'brill building pop', 'classic rock', 'psychedelic rock', 'rock', 'sunshine pop']]",[77],False,[3474580],0.399,0.637,5,0.0298,-6.541,1,0.58,5.8e-06,0.156,0.719,125.175,153133,4
183,0n3V7u9sMRV7sCDMhWxDtL,Billboard 200 Top Albums 2019,184,Black Panther The Album Music From And Inspired By,3pLdWdkj83EYfDN6H2N8MR,2018-02-09,"['Kendrick Lamar', 'SZA']","['2YZyLoL8N0Wb9xBt1NhZWg', '7tYKF4w9nC0nq9CsPZTHyP']","[['conscious hip hop', 'hip hop', 'rap', 'west coast rap'], ['pop', 'r&b', 'rap']]","[90, 88]","[19114324, 7016231]",All The Stars (with SZA),3GCdLUSnKSMJhs4Tj6CV3s,83,"['Kendrick Lamar', 'SZA']","['2YZyLoL8N0Wb9xBt1NhZWg', '7tYKF4w9nC0nq9CsPZTHyP']","[['conscious hip hop', 'hip hop', 'rap', 'west coast rap'], ['pop', 'r&b', 'rap']]","[90, 88]",True,"[19114324, 7016231]",0.698,0.633,8,0.0597,-4.946,1,0.0605,0.000194,0.0926,0.552,96.924,232187,4
184,0n3V7u9sMRV7sCDMhWxDtL,Billboard 200 Top Albums 2019,185,SuperM - The 1st Mini Album,1C1qYeSC9RdgbrKXpZCTSJ,2019-10-04,['SuperM'],['5BHFSMEjfLVx1JwRWjAOsE'],[['k-pop']],[62],[1851721],Jopping,5WrEilrRI5cIW0DxMvQYPZ,68,['SuperM'],['5BHFSMEjfLVx1JwRWjAOsE'],[['k-pop']],[62],False,[1851721],0.74,0.835,10,0.0839,-3.425,0,0.0139,0.0,0.857,0.535,123.024,251293,4
185,0n3V7u9sMRV7sCDMhWxDtL,Billboard 200 Top Albums 2019,186,Confessions of a Dangerous Mind,4Xw4bOshpskUjyrGpurXpf,2019-05-10,['Logic'],['4xRYI6VqpkE3UwrDrAZL8L'],"[['conscious hip hop', 'dmv rap', 'hip hop', 'pop rap', 'rap']]",[81],[5605069],Homicide (feat. Eminem),4xfVsKJRMZEACL5xw3EIlp,37,"['Logic', 'Eminem']",['4xRYI6VqpkE3UwrDrAZL8L'],"[['conscious hip hop', 'dmv rap', 'hip hop', 'pop rap', 'rap']]",[81],False,[5605069],0.729,0.76,1,0.411,-5.49,1,0.166,0.0,0.184,0.779,139.898,245400,4
186,0n3V7u9sMRV7sCDMhWxDtL,Billboard 200 Top Albums 2019,187,Last Day Of Summer,4hTM8jZ8DCCqglmZUDMSPz,2018-10-19,['Summer Walker'],['57LYzLEk2LcFghVwuWbcuS'],"[['pop', 'r&b']]",[84],[3101548],Girls Need Love (with Drake) - Remix,14SaZBTjxlorHJQxXh01Hu,77,"['Summer Walker', 'Drake']",['57LYzLEk2LcFghVwuWbcuS'],"[['pop', 'r&b']]",[84],True,[3101548],0.656,0.432,6,0.217,-9.481,0,0.443,0.0,0.132,0.0897,97.022,222374,4
187,0n3V7u9sMRV7sCDMhWxDtL,Billboard 200 Top Albums 2019,188,50 Number Ones,2CIOi72adKDDQpj9x69qpW,2004-01-01,['George Strait'],['5vngPClqofybhPERIqQMYd'],"[['contemporary country', 'country', 'country road', 'country rock']]",[75],[2919233],I Cross My Heart - Pure Country Soundtrack Version,2XFr2vzg0bMayzpkaQyUpa,44,['George Strait'],['5vngPClqofybhPERIqQMYd'],"[['contemporary country', 'country', 'country road', 'country rock']]",[75],False,[2919233],0.52,0.461,3,0.0258,-9.314,1,0.272,3.72e-05,0.106,0.264,131.0,209920,4
188,0n3V7u9sMRV7sCDMhWxDtL,Billboard 200 Top Albums 2019,189,Aura,0SukGZiXMtmsZoxstkBtNR,2018-08-24,['Ozuna'],['1i8SpTcr7yvPOmcqrbnVXY'],"[['latin', 'puerto rican pop', 'reggaeton', 'trap latino']]",[90],[30872839],Vaina Loca,48zFZh27QU5qsrBjn4C2FA,74,"['Ozuna', 'Manuel Turizo']",['1i8SpTcr7yvPOmcqrbnVXY'],"[['latin', 'puerto rican pop', 'reggaeton', 'trap latino']]",[90],False,[30872839],0.754,0.805,6,0.0752,-4.249,1,0.315,0.0,0.203,0.555,93.982,176133,4
189,0n3V7u9sMRV7sCDMhWxDtL,Billboard 200 Top Albums 2019,190,T R A P S O U L,6eZdwrhB97A3EYx9QppGfl,2015-10-02,['Bryson Tiller'],['2EMAnMvWE2eb56ToJVfCWs'],"[['kentucky hip hop', 'pop', 'pop rap', 'r&b', 'rap']]",[82],[5413827],Don't,3pXF1nA74528Edde4of9CC,82,['Bryson Tiller'],['2EMAnMvWE2eb56ToJVfCWs'],"[['kentucky hip hop', 'pop', 'pop rap', 'r&b', 'rap']]",[82],True,[5413827],0.765,0.356,11,0.195,-5.556,0,0.223,0.0,0.0963,0.189,96.991,198293,4
190,0n3V7u9sMRV7sCDMhWxDtL,Billboard 200 Top Albums 2019,191,Merry Christmas,61ulfFSmmxMhc2wCdmdMkN,1994-11-01,['Mariah Carey'],['4iHNK0tOyZPYnBU7nGAgpQ'],"[['dance pop', 'pop', 'urban contemporary']]",[85],[7380441],All I Want for Christmas Is You,0bYg9bo50gSsH3LtXe2SQn,93,['Mariah Carey'],['4iHNK0tOyZPYnBU7nGAgpQ'],"[['dance pop', 'pop', 'urban contemporary']]",[85],False,[7380441],0.336,0.627,7,0.0384,-7.463,1,0.164,0.0,0.0708,0.35,150.273,241107,4
191,0n3V7u9sMRV7sCDMhWxDtL,Billboard 200 Top Albums 2019,192,Dangerous Woman,5X7x18kW3mVIvnuNeedM6b,2016-05-20,['Ariana Grande'],['66CXWjxzNUsdJxJ2JdwvnR'],"[['dance pop', 'pop']]",[94],[74818140],Side To Side,4HeCFqiB1rBqGqvE10rF1a,64,"['Ariana Grande', 'Nicki Minaj']",['66CXWjxzNUsdJxJ2JdwvnR'],"[['dance pop', 'pop']]",[94],True,[74818140],0.644,0.723,6,0.231,-6.278,0,0.0198,0.0,0.228,0.616,159.17,226173,4
192,0n3V7u9sMRV7sCDMhWxDtL,Billboard 200 Top Albums 2019,193,4Respect 4Freedom 4Loyalty 4WhatImportant,4tCZ22E9RnUz09OaDJfaoO,2018-09-14,['YoungBoy Never Broke Again'],['7wlFDEWiM5OoIAt8RSli8b'],"[['baton rouge rap', 'trap']]",[87],[8104576],I Am Who They Say I Am (feat. Kevin Gates and Quando Rondo),4O1uCappFiU3bisYUdUBWy,64,"['YoungBoy Never Broke Again', 'Kevin Gates', 'Quando Rondo']",['7wlFDEWiM5OoIAt8RSli8b'],"[['baton rouge rap', 'trap']]",[87],True,[8104576],0.722,0.88,4,0.24,-3.989,0,0.21,0.0,0.324,0.79,92.024,200170,4
193,0n3V7u9sMRV7sCDMhWxDtL,Billboard 200 Top Albums 2019,194,Shelby,47FalEKu0of8GExDtZBkxT,2019-03-01,['Lil Skies'],['7d3WFRME3vBY2cgoP38RDo'],"[['melodic rap', 'rap', 'trap']]",[77],[4771056],I,4ZT9FnbFu1PaBfV3itxiqT,74,['Lil Skies'],['7d3WFRME3vBY2cgoP38RDo'],"[['melodic rap', 'rap', 'trap']]",[77],True,[4771056],0.649,0.453,6,0.085,-7.28,1,0.627,0.0,0.116,0.431,99.183,181891,4
194,0n3V7u9sMRV7sCDMhWxDtL,Billboard 200 Top Albums 2019,195,OASIS,6ylFfzx32ICw4L1A7YWNLN,2019-06-28,"['J Balvin', 'Bad Bunny']","['1vyhD5VmyZ7KMfW5gqLgo5', '4q3ewBCX7sLwd24euuV69X']","[['latin', 'reggaeton', 'reggaeton colombiano', 'trap latino'], ['latin', 'reggaeton', 'trap latino']]","[93, 98]","[31981433, 42429544]",LA CANCIรN,0fea68AdmYNygeTGI4RC18,86,"['J Balvin', 'Bad Bunny']","['1vyhD5VmyZ7KMfW5gqLgo5', '4q3ewBCX7sLwd24euuV69X']","[['latin', 'reggaeton', 'reggaeton colombiano', 'trap latino'], ['latin', 'reggaeton', 'trap latino']]","[93, 98]",False,"[31981433, 42429544]",0.754,0.646,7,0.317,-5.795,1,0.152,1.85e-05,0.108,0.429,176.089,242573,4
195,0n3V7u9sMRV7sCDMhWxDtL,Billboard 200 Top Albums 2019,196,Freudian,3xybjP7r2VsWzwvDQipdM0,2017-08-25,['Daniel Caesar'],['20wkVLutqVOYrc0kxFs7rA'],"[['canadian contemporary r&b', 'pop', 'r&b']]",[82],[3063665],Best Part (feat. H.E.R.),1RMJOxR6GRPsBHL8qeC2ux,79,"['Daniel Caesar', 'H.E.R.']",['20wkVLutqVOYrc0kxFs7rA'],"[['canadian contemporary r&b', 'pop', 'r&b']]",[82],False,[3063665],0.524,0.364,7,0.0367,-10.209,1,0.808,0.0,0.1,0.436,75.24,209831,4
196,0n3V7u9sMRV7sCDMhWxDtL,Billboard 200 Top Albums 2019,197,Life of a Dark Rose,0CuYNS755Ow710G2E7aLDE,2017-12-12,['Lil Skies'],['7d3WFRME3vBY2cgoP38RDo'],"[['melodic rap', 'rap', 'trap']]",[77],[4771056],Nowadays (feat. Landon Cube),2u7mxWSeoqTXndK5e08jMp,72,"['Lil Skies', 'Landon Cube']",['7d3WFRME3vBY2cgoP38RDo'],"[['melodic rap', 'rap', 'trap']]",[77],True,[4771056],0.745,0.646,6,0.17,-6.987,0,0.157,0.0,0.338,0.46,79.993,203908,4
197,0n3V7u9sMRV7sCDMhWxDtL,Billboard 200 Top Albums 2019,198,All Time Greatest Hits,7CocMpFkEjPUMkWyPH3s0v,2000-03-14,['Lynyrd Skynyrd'],['4MVyzYMgTwdP7Z49wAZHx0'],"[['album rock', 'blues rock', 'classic rock', 'country rock', 'hard rock', 'mellow gold', 'rock', 'southern rock']]",[74],[3831608],Sweet Home Alabama,1SeYQC7vZTBWNESbDQXulh,30,['Lynyrd Skynyrd'],['4MVyzYMgTwdP7Z49wAZHx0'],"[['album rock', 'blues rock', 'classic rock', 'country rock', 'hard rock', 'mellow gold', 'rock', 'southern rock']]",[74],True,[3831608],0.606,0.662,7,0.0242,-10.443,1,0.21,0.000301,0.323,0.889,97.828,283333,4
198,0n3V7u9sMRV7sCDMhWxDtL,Billboard 200 Top Albums 2019,199,Signed to the Streets,0u2zCSmrCPlRZXgXM8wagz,2013-10-10,['Lil Durk'],['3hcs9uc56yIGFCSy9leWe7'],"[['chicago drill', 'chicago rap', 'drill', 'hip hop', 'rap', 'trap']]",[88],[3489469],Bang Bros,4GlIlfwSYBNNbK6nu9HeRC,42,['Lil Durk'],['3hcs9uc56yIGFCSy9leWe7'],"[['chicago drill', 'chicago rap', 'drill', 'hip hop', 'rap', 'trap']]",[88],True,[3489469],0.751,0.49,7,0.0448,-8.838,0,0.113,0.0,0.541,0.394,127.968,184398,4
199,0n3V7u9sMRV7sCDMhWxDtL,Billboard 200 Top Albums 2019,200,Father of the Bride,5WWu3iYAXLgqghjU9696Nk,2019-05-03,['Vampire Weekend'],['5BvJzeQpmsdsFp4HGUYUEx'],"[['baroque pop', 'indie rock', 'modern rock']]",[70],[1771812],Harmony Hall,6EPwUdSSi8ExTZvoR7ITg3,49,['Vampire Weekend'],['5BvJzeQpmsdsFp4HGUYUEx'],"[['baroque pop', 'indie rock', 'modern rock']]",[70],False,[1771812],0.652,0.76,11,0.0476,-6.075,1,0.476,0.000128,0.0999,0.599,98.007,308413,4
