,playlist_id,playlist_name,position,album_name,album_id,album_release_date,album_artists,album_artists_ids,album_artists_genres,album_artists_popularity,album_artists_followers,track_name,track_id,track_popularity,track_artists,track_artists_ids,track_artists_genres,track_artists_popularity,track_explicit,track_artists_followers,danceability,energy,key,loudness,mode,acousticness,instrumentalness,liveness,valence,tempo,duration_ms,time_signature
0,34KSLHLGSNqeK6UfxKnLuM,Billboard 200 Top Albums 2018,1,reputation,6DEjYFkNZh67HP7R9PSZvv,2017-11-10,Taylor Swift,['06HL4z0CvFAxyc27GXpf02'],[['pop']],[100],[47362363],Look What You Made Me Do,1P17dC1amhFzptugyAO7Il,80,['Taylor Swift'],['06HL4z0CvFAxyc27GXpf02'],[['pop']],[100],False,[47362363],0.766,0.709,9,-6.471,0,0.204,1.41e-05,0.126,0.506,128.07,211853,4
1,34KSLHLGSNqeK6UfxKnLuM,Billboard 200 Top Albums 2018,2,Scorpion,1ATL5GLyefJaxhQzSPVrLX,2018-06-29,['Drake'],['3TVXtAsR1Inumwj472S9r4'],"[['canadian hip hop', 'canadian pop', 'hip hop', 'rap', 'toronto rap']]",[98],[59845429],God's Plan,6DCZcSspjsKoFjzjrWoCdn,85,['Drake'],['3TVXtAsR1Inumwj472S9r4'],"[['canadian hip hop', 'canadian pop', 'hip hop', 'rap', 'toronto rap']]",[98],True,[59845429],0.754,0.449,7,-9.211,1,0.0332,8.29e-05,0.552,0.357,77.169,198973,4
2,34KSLHLGSNqeK6UfxKnLuM,Billboard 200 Top Albums 2018,3,beerbongs & bentleys,6trNtQUgC8cgbWcqoMYkOR,2018-04-27,['Post Malone'],['246dkjvS1zLTtiykXe5h60'],"[['dfw rap', 'melodic rap', 'rap']]",[92],[35389830],rockstar (feat. 21 Savage),0e7ipj03S05BNilyu5bRzt,86,"['Post Malone', '21 Savage']",['246dkjvS1zLTtiykXe5h60'],"[['dfw rap', 'melodic rap', 'rap']]",[92],True,[35389830],0.585,0.52,5,-6.136,0,0.124,7.01e-05,0.131,0.129,159.801,218147,4
3,34KSLHLGSNqeK6UfxKnLuM,Billboard 200 Top Albums 2018,4,The Greatest Showman (Original Motion Picture Soundtrack),7ayBZIe1FHkNv0T5xFCX6F,2017-12-08,['Various Artists'],['0LyfQWJT6nXafLPZqxe9Of'],[[]],[0],[1422955],This Is Me,45aBsnKRWUzhwbcqOJLwfe,77,"['Keala Settle', 'The Greatest Showman Ensemble']",['0LyfQWJT6nXafLPZqxe9Of'],[[]],[0],False,[1422955],0.284,0.704,2,-7.276,1,0.00583,0.000115,0.0424,0.1,191.702,234707,4
4,34KSLHLGSNqeK6UfxKnLuM,Billboard 200 Top Albums 2018,5,÷ (Deluxe),3T4tUhGYeRNVUGevb0wThu,2017-03-03,['Ed Sheeran'],['6eUKZXaKkcviH0Ku9w2n3V'],"[['pop', 'uk pop']]",[97],[90231430],Shape of You,7qiZfU4dY1lWllzX7mPBI3,88,['Ed Sheeran'],['6eUKZXaKkcviH0Ku9w2n3V'],"[['pop', 'uk pop']]",[97],False,[90231430],0.825,0.652,1,-3.183,0,0.581,0.0,0.0931,0.931,95.977,233713,4
5,34KSLHLGSNqeK6UfxKnLuM,Billboard 200 Top Albums 2018,6,Invasion of Privacy,4sDAyYEMhD2YyREWKxj3aD,2018-04-05,['Cardi B'],['4kYSro6naA4h99UJvo89HB'],"[['dance pop', 'pop', 'pop rap', 'rap']]",[86],[18852369],I Like It,3bsycjdQtbcJeR6822SBvd,52,"['Cardi B', 'Bad Bunny', 'J Balvin']",['4kYSro6naA4h99UJvo89HB'],"[['dance pop', 'pop', 'pop rap', 'rap']]",[86],False,[18852369],0.814,0.721,5,-4.026,0,0.0981,0.0,0.378,0.643,136.05,253390,4
6,34KSLHLGSNqeK6UfxKnLuM,Billboard 200 Top Albums 2018,7,ASTROWORLD,41GuZcammIkupMPKH2OJ6I,2018-08-03,['Travis Scott'],['0Y5tJX1MQlPlqiwlOH1tJY'],"[['rap', 'slap house']]",[93],[19394352],SICKO MODE,2xLMifQCjDGFmkHkpNLD9h,85,['Travis Scott'],['0Y5tJX1MQlPlqiwlOH1tJY'],"[['rap', 'slap house']]",[93],True,[19394352],0.834,0.73,8,-3.714,1,0.00513,0.0,0.124,0.446,155.008,312820,4
7,34KSLHLGSNqeK6UfxKnLuM,Billboard 200 Top Albums 2018,8,Stoney (Deluxe),5s0rmjP8XOPhP6HhqOhuyC,2016-12-09,['Post Malone'],['246dkjvS1zLTtiykXe5h60'],"[['dfw rap', 'melodic rap', 'rap']]",[92],[35389830],Congratulations,3a1lNhkSLSkpJE4MSHpDu9,84,"['Post Malone', 'Quavo']",['246dkjvS1zLTtiykXe5h60'],"[['dfw rap', 'melodic rap', 'rap']]",[92],True,[35389830],0.63,0.804,6,-4.183,1,0.215,0.0,0.253,0.492,123.146,220293,4
8,34KSLHLGSNqeK6UfxKnLuM,Billboard 200 Top Albums 2018,9,?,2Ti79nwTsont5ZHfdxIzAm,2018-03-16,['XXXTENTACION'],['15UsOTVnJzReFVN1VCnxy4'],"[['emo rap', 'miami hip hop']]",[91],[33466773],SAD!,3ee8Jmje8o58CHK66QrVC2,87,['XXXTENTACION'],['15UsOTVnJzReFVN1VCnxy4'],"[['emo rap', 'miami hip hop']]",[91],True,[33466773],0.74,0.613,8,-4.88,1,0.258,0.00372,0.123,0.473,75.023,166606,4
9,34KSLHLGSNqeK6UfxKnLuM,Billboard 200 Top Albums 2018,10,Culture II,7fd7SEK25VS3gJAUgSwL6y,2018-01-26,['Migos'],['6oMuImdp5ZcFhWP0ESe6mG'],"[['atl hip hop', 'hip hop', 'pop rap', 'rap', 'trap']]",[83],[12015875],Walk It Talk It,6n4U3TlzUGhdSFbUUhTvLP,78,"['Migos', 'Drake']",['6oMuImdp5ZcFhWP0ESe6mG'],"[['atl hip hop', 'hip hop', 'pop rap', 'rap', 'trap']]",[83],True,[12015875],0.907,0.633,2,-5.145,1,0.0876,2.6e-06,0.106,0.395,145.914,276147,4
10,34KSLHLGSNqeK6UfxKnLuM,Billboard 200 Top Albums 2018,11,Evolve,33pt9HBdGlAbRGBHQgsZsU,2017-06-23,['Imagine Dragons'],['53XhwfbYqKCa1cC15pYq2q'],"[['modern rock', 'rock']]",[92],[37486645],Believer,0pqnGHJpmpxLKifKRmU6WP,90,['Imagine Dragons'],['53XhwfbYqKCa1cC15pYq2q'],"[['modern rock', 'rock']]",[92],False,[37486645],0.776,0.78,10,-4.374,0,0.0622,0.0,0.081,0.666,124.949,204347,4
11,34KSLHLGSNqeK6UfxKnLuM,Billboard 200 Top Albums 2018,12,Black Panther The Album Music From And Inspired By,3pLdWdkj83EYfDN6H2N8MR,2018-02-09,"['Kendrick Lamar', 'SZA']","['2YZyLoL8N0Wb9xBt1NhZWg', '7tYKF4w9nC0nq9CsPZTHyP']","[['conscious hip hop', 'hip hop', 'rap', 'west coast rap'], ['pop', 'r&b', 'rap']]","[90, 89]","[18990071, 6878745]",All The Stars (with SZA),3GCdLUSnKSMJhs4Tj6CV3s,83,"['Kendrick Lamar', 'SZA']","['2YZyLoL8N0Wb9xBt1NhZWg', '7tYKF4w9nC0nq9CsPZTHyP']","[['conscious hip hop', 'hip hop', 'rap', 'west coast rap'], ['pop', 'r&b', 'rap']]","[90, 89]",True,"[18990071, 6878745]",0.698,0.633,8,-4.946,1,0.0605,0.000194,0.0926,0.552,96.924,232187,4
12,34KSLHLGSNqeK6UfxKnLuM,Billboard 200 Top Albums 2018,13,DAMN.,4eLPsYPBmXABThSJ821sqY,2017-04-14,['Kendrick Lamar'],['2YZyLoL8N0Wb9xBt1NhZWg'],"[['conscious hip hop', 'hip hop', 'rap', 'west coast rap']]",[90],[18990071],HUMBLE.,7KXjTSCq5nL1LoYtL7XAwS,84,['Kendrick Lamar'],['2YZyLoL8N0Wb9xBt1NhZWg'],"[['conscious hip hop', 'hip hop', 'rap', 'west coast rap']]",[90],True,[18990071],0.908,0.621,1,-6.638,0,0.000282,5.39e-05,0.0958,0.421,150.011,177000,4
13,34KSLHLGSNqeK6UfxKnLuM,Billboard 200 Top Albums 2018,14,KOD,4Wv5UAieM1LDEYVq5WmqDd,2018-04-20,['J. Cole'],['6l3HvQ5sa6mXTsMTB19rO5'],"[['conscious hip hop', 'hip hop', 'north carolina hip hop', 'rap']]",[90],[15414928],KOD,7yotKA30dwTKNEGomV9ZsI,72,['J. Cole'],['6l3HvQ5sa6mXTsMTB19rO5'],"[['conscious hip hop', 'hip hop', 'north carolina hip hop', 'rap']]",[90],True,[15414928],0.823,0.783,0,-6.274,1,0.21,0.0,0.113,0.199,141.882,191437,4
14,34KSLHLGSNqeK6UfxKnLuM,Billboard 200 Top Albums 2018,15,American Teen,6kf46HbnYCZzP6rjvQHYzg,2017-04-27,['Khalid'],['6LuN9FCkKOj5PcnpouEgny'],"[['pop', 'pop r&b']]",[90],[14726851],Young Dumb & Broke,5Z3GHaZ6ec9bsiI5BenrbY,82,['Khalid'],['6LuN9FCkKOj5PcnpouEgny'],"[['pop', 'pop r&b']]",[90],False,[14726851],0.799,0.539,1,-6.351,1,0.199,1.66e-05,0.165,0.394,136.948,202547,4
15,34KSLHLGSNqeK6UfxKnLuM,Billboard 200 Top Albums 2018,16,Luv Is Rage 2,2DiIYE1nwRB4JW42HoXBnu,2017-08-24,['Lil Uzi Vert'],['4O15NlyKLIASxsJ0PrXPfz'],"[['melodic rap', 'philly rap', 'rap', 'trap']]",[91],[12614983],XO Tour Llif3,5lqQaR00aXDezywi6GfrF5,51,['Lil Uzi Vert'],['4O15NlyKLIASxsJ0PrXPfz'],"[['melodic rap', 'philly rap', 'rap', 'trap']]",[91],False,[12614983],0.722,0.614,11,-7.549,0,0.00466,0.0,0.106,0.485,154.903,182728,4
16,34KSLHLGSNqeK6UfxKnLuM,Billboard 200 Top Albums 2018,17,Kamikaze,3HNnxK7NgLXbDoxRZxNWiR,2018-08-31,['Eminem'],['7dGJo4pcD2V6oG8kP0tJRR'],"[['detroit hip hop', 'hip hop', 'rap']]",[94],[50789465],Lucky You (feat. Joyner Lucas),60SdxE8apGAxMiRrpbmLY0,76,"['Eminem', 'Joyner Lucas']",['7dGJo4pcD2V6oG8kP0tJRR'],"[['detroit hip hop', 'hip hop', 'rap']]",[94],True,[50789465],0.876,0.786,10,-4.884,0,0.0627,0.0,0.127,0.575,153.068,244679,4
17,34KSLHLGSNqeK6UfxKnLuM,Billboard 200 Top Albums 2018,18,Goodbye & Good Riddance,6tkjU4Umpo79wwkgPMV3nZ,2018-12-10,['Juice WRLD'],['4MCBfE4596Uoi2O4DtmEMz'],"[['chicago rap', 'melodic rap']]",[97],[21538862],Lucid Dreams,285pBltuF7vW8TeWk8hdRR,88,['Juice WRLD'],['4MCBfE4596Uoi2O4DtmEMz'],"[['chicago rap', 'melodic rap']]",[97],True,[21538862],0.511,0.566,6,-7.23,0,0.349,0.0,0.34,0.218,83.903,239836,4
18,34KSLHLGSNqeK6UfxKnLuM,Billboard 200 Top Albums 2018,19,17,5VdyJkLe3yvOs0l4xXbWp0,2017-08-25,['XXXTENTACION'],['15UsOTVnJzReFVN1VCnxy4'],"[['emo rap', 'miami hip hop']]",[91],[33466773],Jocelyn Flores,7m9OqQk4RVRkw9JJdeAw96,88,['XXXTENTACION'],['15UsOTVnJzReFVN1VCnxy4'],"[['emo rap', 'miami hip hop']]",[91],True,[33466773],0.872,0.391,0,-9.144,0,0.469,4.13e-06,0.297,0.437,134.021,119133,4
19,34KSLHLGSNqeK6UfxKnLuM,Billboard 200 Top Albums 2018,20,This One's for You,1lhNch5NkOONvFhRPh8qaj,2017-06-02,['Luke Combs'],['718COspgdWOnwOFpJHRZHS'],"[['contemporary country', 'country']]",[83],[5981206],Hurricane,6xHI9KjUjYT0FPtGO8Mxa1,77,['Luke Combs'],['718COspgdWOnwOFpJHRZHS'],"[['contemporary country', 'country']]",[83],False,[5981206],0.464,0.813,10,-6.185,1,0.0153,0.0,0.254,0.515,75.977,222533,4
20,34KSLHLGSNqeK6UfxKnLuM,Billboard 200 Top Albums 2018,21,Hamilton (Original Broadway Cast Recording),1kCHru7uhxBUdzkm4gzRQc,2015-09-25,['Lin-Manuel Miranda'],['4aXXDj9aZnlshx7mzj3W1N'],"[['hollywood', 'show tunes']]",[78],[473725],Alexander Hamilton,4TTV7EcfroSLWzXRY6gLv6,73,"['Leslie Odom Jr.', 'Anthony Ramos', 'Daveed Diggs', 'Okieriete Onaodowan', 'Lin-Manuel Miranda', 'Phillipa Soo', 'Original Broadway Cast of Hamilton']",['4aXXDj9aZnlshx7mzj3W1N'],"[['hollywood', 'show tunes']]",[78],False,[473725],0.609,0.435,11,-7.861,0,0.522,0.0,0.118,0.552,131.995,236738,4
21,34KSLHLGSNqeK6UfxKnLuM,Billboard 200 Top Albums 2018,22,Red Pill Blues (Deluxe),2EHdZj0rUnWRPuHARw69m7,2018-06-15,['Maroon 5'],['04gDigrS5kc9YWfZHwBETP'],"[['pop', 'pop rock']]",[89],[34527078],Girls Like You (feat. Cardi B),04GKRudrMjdPdX10873SAM,44,"['Maroon 5', 'Cardi B']",['04gDigrS5kc9YWfZHwBETP'],"[['pop', 'pop rock']]",[89],False,[34527078],0.613,0.522,0,-6.814,1,0.567,0.0,0.13,0.447,59.406,235545,4
22,34KSLHLGSNqeK6UfxKnLuM,Billboard 200 Top Albums 2018,23,The Thrill Of It All (Special Edition),3TJz2UBNYJtlEly0sPeNrQ,2017-11-03,['Sam Smith'],['2wY79sveU1sp5g7SokKOiI'],"[['dance pop', 'pop', 'uk pop']]",[88],[18416150],Too Good At Goodbyes,1mXVgsBdtIVeCLJnSnmtdV,83,['Sam Smith'],['2wY79sveU1sp5g7SokKOiI'],"[['dance pop', 'pop', 'uk pop']]",[88],False,[18416150],0.681,0.372,5,-8.237,1,0.64,0.0,0.169,0.476,91.873,201000,4
23,34KSLHLGSNqeK6UfxKnLuM,Billboard 200 Top Albums 2018,24,Tha Carter V,50yFYgKdwJANZ5O9MIbMkg,2018-09-28,['Lil Wayne'],['55Aa2cqylxrFIXC767Z865'],"[['hip hop', 'new orleans rap', 'pop rap', 'rap', 'trap']]",[90],[11333019],Uproar,3wScL5W8H40zzCKN0atfBk,71,"['Lil Wayne', 'Swizz Beatz']",['55Aa2cqylxrFIXC767Z865'],"[['hip hop', 'new orleans rap', 'pop rap', 'rap', 'trap']]",[90],True,[11333019],0.743,0.87,1,-2.188,1,0.0595,0.0,0.299,0.884,99.079,194184,4
24,34KSLHLGSNqeK6UfxKnLuM,Billboard 200 Top Albums 2018,25,Camila,2vD3zSQr8hNlg0obNel4TE,2018-01-12,['Camila Cabello'],['4nDoRrQiYLoBzwC5BhVJzF'],"[['dance pop', 'pop', 'post-teen pop']]",[86],[24836906],Havana (feat. Young Thug),1rfofaqEpACxVEHIZBJe6W,83,"['Camila Cabello', 'Young Thug']",['4nDoRrQiYLoBzwC5BhVJzF'],"[['dance pop', 'pop', 'post-teen pop']]",[86],False,[24836906],0.765,0.523,2,-4.333,1,0.184,3.56e-05,0.132,0.394,104.988,217307,4
25,34KSLHLGSNqeK6UfxKnLuM,Billboard 200 Top Albums 2018,26,24K Magic,4PgleR09JVnm3zY1fW3XBA,2016-11-17,['Bruno Mars'],['0du5cEVh5yTK9QJze8zA0C'],"[['dance pop', 'pop']]",[93],[36749529],That's What I Like,0KKkJNfGyhkQ5aFogxQAPU,84,['Bruno Mars'],['0du5cEVh5yTK9QJze8zA0C'],"[['dance pop', 'pop']]",[93],False,[36749529],0.853,0.56,1,-4.961,1,0.013,0.0,0.0944,0.86,134.066,206693,4
26,34KSLHLGSNqeK6UfxKnLuM,Billboard 200 Top Albums 2018,27,Kane Brown,4hhvgHjPqUOAYkclDkhL2T,2016-12-02,['Kane Brown'],['3oSJ7TBVCWMDMiYjXNiCKE'],"[['black americana', 'contemporary country']]",[79],[3799878],What Ifs (feat. Lauren Alaina),7zVCrzzEJU7u24sbJPXA5W,74,"['Kane Brown', 'Lauren Alaina']",['3oSJ7TBVCWMDMiYjXNiCKE'],"[['black americana', 'contemporary country']]",[79],False,[3799878],0.612,0.799,10,-4.603,1,0.00898,0.0,0.172,0.687,125.976,188253,4
27,34KSLHLGSNqeK6UfxKnLuM,Billboard 200 Top Albums 2018,28,Heartbreak on a Full Moon,3PlMjZnwN5bDJeFRPXfTxf,2017-10-31,['Chris Brown'],['7bXgB6jMjp9ATFy66eO08Z'],"[['dance pop', 'pop', 'pop rap', 'r&b', 'rap']]",[91],[15109256],Questions,6bP3V9IxVFaeTDxmEKV5lk,30,['Chris Brown'],['7bXgB6jMjp9ATFy66eO08Z'],"[['dance pop', 'pop', 'pop rap', 'r&b', 'rap']]",[91],False,[15109256],0.444,0.588,10,-6.363,0,0.00702,0.0,0.0985,0.64,103.146,129480,4
28,34KSLHLGSNqeK6UfxKnLuM,Billboard 200 Top Albums 2018,29,The Beautiful & Damned,1VAc77UvK5wj8ZSWCo3V2b,2017-12-15,['G-Eazy'],['02kJSzxNuaWGqwubyUba0Z'],"[['hip hop', 'indie pop rap', 'oakland hip hop', 'pop', 'pop rap', 'rap']]",[82],[4986479],Him & I (with Halsey),5k38wzpLb15YgncyWdTZE4,78,"['G-Eazy', 'Halsey']",['02kJSzxNuaWGqwubyUba0Z'],"[['hip hop', 'indie pop rap', 'oakland hip hop', 'pop', 'pop rap', 'rap']]",[82],True,[4986479],0.589,0.731,2,-6.343,1,0.0534,0.0,0.308,0.191,87.908,268867,4
29,34KSLHLGSNqeK6UfxKnLuM,Billboard 200 Top Albums 2018,30,Rearview Town,5irmzpXixcdNF2ZJjcrN0A,2018-04-13,['Jason Aldean'],['3FfvYsEGaIb52QPXhg4DcH'],"[['contemporary country', 'country', 'country road']]",[78],[4957769],You Make It Easy,6EGAfJaLUFzhS4zRBIEQ2J,72,['Jason Aldean'],['3FfvYsEGaIb52QPXhg4DcH'],"[['contemporary country', 'country', 'country road']]",[78],False,[4957769],0.375,0.574,7,-5.305,1,0.143,0.0,0.11,0.406,132.025,196800,3
30,34KSLHLGSNqeK6UfxKnLuM,Billboard 200 Top Albums 2018,31,Ctrl,76290XdXVF9rPzGdNRWdCh,2017-06-09,['SZA'],['7tYKF4w9nC0nq9CsPZTHyP'],"[['pop', 'r&b', 'rap']]",[89],[6878745],Love Galore (feat. Travis Scott),0q75NwOoFiARAVp4EXU4Bs,80,"['SZA', 'Travis Scott']",['7tYKF4w9nC0nq9CsPZTHyP'],"[['pop', 'r&b', 'rap']]",[89],True,[6878745],0.795,0.594,0,-6.2,1,0.112,0.0,0.162,0.409,135.002,275080,4
31,34KSLHLGSNqeK6UfxKnLuM,Billboard 200 Top Albums 2018,32,Revival,0U6ldwLBEMkwgfQRY4V6D2,2017-12-15,['Eminem'],['7dGJo4pcD2V6oG8kP0tJRR'],"[['detroit hip hop', 'hip hop', 'rap']]",[94],[50789465],River (feat. Ed Sheeran),1cS0TgbR263ey9jn0MwD2s,75,"['Eminem', 'Ed Sheeran']",['7dGJo4pcD2V6oG8kP0tJRR'],"[['detroit hip hop', 'hip hop', 'rap']]",[94],True,[50789465],0.748,0.749,8,-5.916,0,0.142,0.0,0.0713,0.659,90.09,221013,4
32,34KSLHLGSNqeK6UfxKnLuM,Billboard 200 Top Albums 2018,33,More Life,1lXY618HWkwYKJWBRYR4MK,2017-03-18,['Drake'],['3TVXtAsR1Inumwj472S9r4'],"[['canadian hip hop', 'canadian pop', 'hip hop', 'rap', 'toronto rap']]",[98],[59845429],Passionfruit,5mCPDVBb16L4XQwDdbRUpz,83,['Drake'],['3TVXtAsR1Inumwj472S9r4'],"[['canadian hip hop', 'canadian pop', 'hip hop', 'rap', 'toronto rap']]",[98],True,[59845429],0.809,0.463,11,-11.377,1,0.256,0.085,0.109,0.364,111.98,298941,4
33,34KSLHLGSNqeK6UfxKnLuM,Billboard 200 Top Albums 2018,34,Traveller,7lxHnls3yQNl8B9bILmHj7,2015-05-04,['Chris Stapleton'],['4YLtscXsxbVgi031ovDDdh'],"[['contemporary country', 'outlaw country']]",[81],[3899943],Tennessee Whiskey,3fqwjXwUGN6vbzIwvyFMhx,82,['Chris Stapleton'],['4YLtscXsxbVgi031ovDDdh'],"[['contemporary country', 'outlaw country']]",[81],False,[3899943],0.392,0.37,9,-10.888,1,0.205,0.0096,0.0821,0.512,48.718,293293,4
34,34KSLHLGSNqeK6UfxKnLuM,Billboard 200 Top Albums 2018,35,Tell Me You Love Me,5Mu891tmjTbt64meovPSuf,2017-09-29,['Demi Lovato'],['6S2OmqARrzebs0tKUEyXyp'],"[['dance pop', 'pop', 'post-teen pop']]",[84],[21317328],Sorry Not Sorry,0yvPEnB032fojLfVluFjUv,80,['Demi Lovato'],['6S2OmqARrzebs0tKUEyXyp'],"[['dance pop', 'pop', 'post-teen pop']]",[84],True,[21317328],0.706,0.643,11,-6.929,0,0.0242,0.0,0.262,0.885,143.931,203760,4
35,34KSLHLGSNqeK6UfxKnLuM,Billboard 200 Top Albums 2018,36,Beautiful Trauma,7hwhuEQT4Fp5bzwLlYZtiz,2017-10-13,['P!nk'],['1KCSPY1glIKqW2TotWuXOR'],"[['dance pop', 'pop']]",[84],[12386830],What About Us,0Qh38w01QRXK6KHIv0e3hb,76,['P!nk'],['1KCSPY1glIKqW2TotWuXOR'],"[['dance pop', 'pop']]",[84],False,[12386830],0.491,0.588,1,-6.177,1,0.0281,2.01e-06,0.0906,0.193,113.608,269600,4
36,34KSLHLGSNqeK6UfxKnLuM,Billboard 200 Top Albums 2018,37,A Star Is Born Soundtrack,4sLtOBOzn4s3GDUv3c5oJD,2018-10-05,"['Lady Gaga', 'Bradley Cooper']","['1HY2Jd0NmPuamShAr6KMms', '4VIvfOurcf0vuLRxLkGnIG']","[['art pop', 'dance pop', 'pop'], ['hollywood']]","[88, 75]","[20502345, 192818]",Shallow,2VxeLyX666F8uXCJ0dZF8B,86,"['Lady Gaga', 'Bradley Cooper']","['1HY2Jd0NmPuamShAr6KMms', '4VIvfOurcf0vuLRxLkGnIG']","[['art pop', 'dance pop', 'pop'], ['hollywood']]","[88, 75]",False,"[20502345, 192818]",0.572,0.385,7,-6.362,1,0.371,0.0,0.231,0.323,95.799,215733,4
37,34KSLHLGSNqeK6UfxKnLuM,Billboard 200 Top Albums 2018,38,Sweetener,3tx8gQqWbGwqIGZHqDNrGe,2018-08-17,['Ariana Grande'],['66CXWjxzNUsdJxJ2JdwvnR'],"[['dance pop', 'pop']]",[96],[73920087],no tears left to cry,2qT1uLXPVPzGgFOx4jtEuo,81,['Ariana Grande'],['66CXWjxzNUsdJxJ2JdwvnR'],"[['dance pop', 'pop']]",[96],False,[73920087],0.699,0.713,9,-5.507,0,0.04,3.11e-06,0.294,0.354,121.993,205920,4
38,34KSLHLGSNqeK6UfxKnLuM,Billboard 200 Top Albums 2018,39,Harder Than Ever,7yf9ZJyHRbp8sHtpDKfPpt,2018-05-18,['Lil Baby'],['5f7VJjfbwm532GiveGC0ZK'],"[['atl hip hop', 'atl trap', 'rap', 'trap']]",[93],[9150690],Yes Indeed,6vN77lE9LK6HP2DewaN6HZ,82,"['Lil Baby', 'Drake']",['5f7VJjfbwm532GiveGC0ZK'],"[['atl hip hop', 'atl trap', 'rap', 'trap']]",[93],True,[9150690],0.963,0.346,5,-9.309,0,0.0355,0.0,0.108,0.562,119.957,142273,4
39,34KSLHLGSNqeK6UfxKnLuM,Billboard 200 Top Albums 2018,40,Perception,1KOmHyNLuOe5YrPhD3Juuf,2017-10-06,['NF'],['6fOMl44jA4Sp5b9PpYCkzz'],"[['hip hop', 'pop rap', 'rap']]",[85],[6464567],Let You Down,52okn5MNA47tk87PeZJLEL,83,['NF'],['6fOMl44jA4Sp5b9PpYCkzz'],"[['hip hop', 'pop rap', 'rap']]",[85],False,[6464567],0.662,0.714,5,-5.68,0,0.312,0.0,0.179,0.464,147.997,212120,4
40,34KSLHLGSNqeK6UfxKnLuM,Billboard 200 Top Albums 2018,41,Life Changes,4w5Jvreahp3yvLqc4vCr9I,2017-09-08,['Thomas Rhett'],['6x2LnllRG5uGarZMsD4iO8'],"[['contemporary country', 'country', 'country road', 'modern country rock']]",[77],[3992741],Marry Me,0OWZFobGSIW9GrSlQ9C5pc,71,['Thomas Rhett'],['6x2LnllRG5uGarZMsD4iO8'],"[['contemporary country', 'country', 'country road', 'modern country rock']]",[77],False,[3992741],0.333,0.412,3,-8.633,1,0.0977,0.0,0.113,0.474,85.028,205453,4
41,34KSLHLGSNqeK6UfxKnLuM,Billboard 200 Top Albums 2018,42,Queen,2acDkDTWdNFie1HjcFa4Ny,2018-08-10,['Nicki Minaj'],['0hCNtLu0JehylgoiP8L4Gh'],"[['dance pop', 'hip pop', 'pop', 'pop rap', 'queens hip hop']]",[90],[23594331],Chun-Li,1e4rwBPVI32vZtTJu7mJ4J,72,['Nicki Minaj'],['0hCNtLu0JehylgoiP8L4Gh'],"[['dance pop', 'hip pop', 'pop', 'pop rap', 'queens hip hop']]",[90],True,[23594331],0.686,0.73,6,-5.077,0,0.278,4.76e-05,0.106,0.474,128.943,191600,5
42,34KSLHLGSNqeK6UfxKnLuM,Billboard 200 Top Albums 2018,43,Project Baby 2,6lkmXp0YiioMFnKdLp8YXA,2017-08-17,['Kodak Black'],['46SHBwWsqBkxI7EeeBEQG7'],"[['florida rap', 'hip hop', 'melodic rap', 'miami hip hop', 'rap', 'trap']]",[85],[7620508],Roll In Peace (feat. XXXTENTACION),0wWUb62EkSLAfY8Rnf5aeV,36,"['Kodak Black', 'XXXTENTACION']",['46SHBwWsqBkxI7EeeBEQG7'],"[['florida rap', 'hip hop', 'melodic rap', 'miami hip hop', 'rap', 'trap']]",[85],False,[7620508],0.76,0.536,10,-6.86,0,0.0224,0.0,0.199,0.304,139.987,213368,4
43,34KSLHLGSNqeK6UfxKnLuM,Billboard 200 Top Albums 2018,44,Life of a Dark Rose,0CuYNS755Ow710G2E7aLDE,2017-12-12,['Lil Skies'],['7d3WFRME3vBY2cgoP38RDo'],"[['melodic rap', 'rap', 'trap']]",[77],[4763852],Nowadays (feat. Landon Cube),2u7mxWSeoqTXndK5e08jMp,72,"['Lil Skies', 'Landon Cube']",['7d3WFRME3vBY2cgoP38RDo'],"[['melodic rap', 'rap', 'trap']]",[77],True,[4763852],0.745,0.646,6,-6.987,0,0.157,0.0,0.338,0.46,79.993,203908,4
44,34KSLHLGSNqeK6UfxKnLuM,Billboard 200 Top Albums 2018,45,Without Warning,0MV1yCXcNNQBfwApqAVkH0,2017-10-30,"['21 Savage', 'Offset', 'Metro Boomin']","['1URnnhqYAYcrqrcwql10ft', '4DdkRBBYG6Yk9Ka8tdJ9BW', '0iEtIxbK0KxaSlF7G42ZOp']","[['atl hip hop', 'rap', 'trap'], ['atl hip hop', 'hip hop', 'pop rap', 'rap', 'southern hip hop', 'trap'], ['hip hop', 'rap', 'southern hip hop', 'trap']]","[89, 82, 83]","[10579065, 2195434, 2780698]",Ric Flair Drip (with Metro Boomin),7sO5G9EABYOXQKNPNiE9NR,83,"['Offset', 'Metro Boomin']","['1URnnhqYAYcrqrcwql10ft', '4DdkRBBYG6Yk9Ka8tdJ9BW', '0iEtIxbK0KxaSlF7G42ZOp']","[['atl hip hop', 'rap', 'trap'], ['atl hip hop', 'hip hop', 'pop rap', 'rap', 'southern hip hop', 'trap'], ['hip hop', 'rap', 'southern hip hop', 'trap']]","[89, 82, 83]",True,"[10579065, 2195434, 2780698]",0.88,0.428,9,-8.28,1,0.149,5.05e-05,0.114,0.333,100.007,172800,4
45,34KSLHLGSNqeK6UfxKnLuM,Billboard 200 Top Albums 2018,46,Man of the Woods,01l3jTY261V3CESZR4dABz,2018-02-02,['Justin Timberlake'],['31TPClRtHm23RisEBtV3X7'],"[['dance pop', 'pop']]",[82],[11535118],Say Something (feat. Chris Stapleton),1LhMopPAallLeaeNutqbgS,72,"['Justin Timberlake', 'Chris Stapleton']",['31TPClRtHm23RisEBtV3X7'],"[['dance pop', 'pop']]",[82],False,[11535118],0.707,0.632,10,-7.031,1,0.103,1.09e-05,0.0841,0.372,97.04,278893,4
46,34KSLHLGSNqeK6UfxKnLuM,Billboard 200 Top Albums 2018,47,Views,2yIwhsIWGRQzGQdn1czSK0,2016-05-06,['Drake'],['3TVXtAsR1Inumwj472S9r4'],"[['canadian hip hop', 'canadian pop', 'hip hop', 'rap', 'toronto rap']]",[98],[59845429],One Dance,5ZKG94fnjiuMH5yrC5S9lS,68,"['Drake', 'WizKid', 'Kyla']",['3TVXtAsR1Inumwj472S9r4'],"[['canadian hip hop', 'canadian pop', 'hip hop', 'rap', 'toronto rap']]",[98],False,[59845429],0.788,0.605,1,-5.586,1,0.00899,0.00275,0.318,0.427,103.94,173973,4
47,34KSLHLGSNqeK6UfxKnLuM,Billboard 200 Top Albums 2018,48,"My Dear Melancholy,",3iv1Dt4wzwNecgtK5rc0n1,2018-03-30,['The Weeknd'],['1Xyo4u8uXC1ZmMpatF05PJ'],"[['canadian contemporary r&b', 'canadian pop', 'pop']]",[97],[40135257],Call Out My Name,1HCLJRFIChC0yk8aSTWXiC,38,['The Weeknd'],['1Xyo4u8uXC1ZmMpatF05PJ'],"[['canadian contemporary r&b', 'canadian pop', 'pop']]",[97],False,[40135257],0.462,0.595,1,-4.941,1,0.168,0.0,0.299,0.171,134.173,228373,3
48,34KSLHLGSNqeK6UfxKnLuM,Billboard 200 Top Albums 2018,49,Starboy,2ODvWsOgouMbaA5xf0RkJe,2016-11-25,['The Weeknd'],['1Xyo4u8uXC1ZmMpatF05PJ'],"[['canadian contemporary r&b', 'canadian pop', 'pop']]",[97],[40135257],Starboy,7MXVkk9YMctZqd1Srtv4MB,86,"['The Weeknd', 'Daft Punk']",['1Xyo4u8uXC1ZmMpatF05PJ'],"[['canadian contemporary r&b', 'canadian pop', 'pop']]",[97],True,[40135257],0.679,0.587,7,-7.015,1,0.141,6.35e-06,0.137,0.486,186.003,230453,4
49,34KSLHLGSNqeK6UfxKnLuM,Billboard 200 Top Albums 2018,50,ye,2Ek1q2haOnxVqhvVKqMvJe,2018-06-01,['Kanye West'],['5K4W6rqBFWDnAN6FQUkS6x'],"[['chicago rap', 'rap']]",[95],[16004182],All Mine,3U21A07gAloCc4P7J8rxcn,77,['Kanye West'],['5K4W6rqBFWDnAN6FQUkS6x'],"[['chicago rap', 'rap']]",[95],True,[16004182],0.925,0.31,11,-6.531,0,0.123,0.0,0.0931,0.291,121.927,145507,4
50,34KSLHLGSNqeK6UfxKnLuM,Billboard 200 Top Albums 2018,51,hopeless fountain kingdom (Deluxe),7GjG91tyHQNGEHzKJaqOi0,2017-06-02,['Halsey'],['26VFTg2z8YR0cCuwLzESi2'],"[['dance pop', 'electropop', 'etherpop', 'indie poptimism', 'pop']]",[87],[16739111],Bad At Love,7y9iMe8SOB6z3NoHE2OfXl,75,['Halsey'],['26VFTg2z8YR0cCuwLzESi2'],"[['dance pop', 'electropop', 'etherpop', 'indie poptimism', 'pop']]",[87],False,[16739111],0.675,0.751,0,-3.539,1,0.0604,0.0,0.0893,0.612,118.384,181279,4
51,34KSLHLGSNqeK6UfxKnLuM,Billboard 200 Top Albums 2018,52,Moana (Original Motion Picture Soundtrack/Deluxe Edition),6pZj4nvx6lV3ulIK3BSjvs,2016-11-18,['Various Artists'],['0LyfQWJT6nXafLPZqxe9Of'],[[]],[0],[1422955],How Far I'll Go,6mb6lVLNrcUgLnEN8QnDJd,73,"[""Auli'i Cravalho""]",['0LyfQWJT6nXafLPZqxe9Of'],[[]],[0],False,[1422955],0.571,0.307,1,-10.958,0,0.649,0.0,0.178,0.108,83.72,163387,4
52,34KSLHLGSNqeK6UfxKnLuM,Billboard 200 Top Albums 2018,53,Dua Lipa,2vlhlrgMaXqcnhRqIEV9AP,2017-06-02,['Dua Lipa'],['6M2wZ9GZgrQXHCFfjv46we'],"[['dance pop', 'pop', 'uk pop']]",[94],[31002076],New Rules,6tF92PMv01Ug9Dh8Rmy6nH,52,['Dua Lipa'],['6M2wZ9GZgrQXHCFfjv46we'],"[['dance pop', 'pop', 'uk pop']]",[94],False,[31002076],0.762,0.7,9,-6.021,0,0.00261,1.56e-05,0.153,0.608,116.073,209320,4
53,34KSLHLGSNqeK6UfxKnLuM,Billboard 200 Top Albums 2018,54,What Makes You Country,6NUEU1vyIctdAg8IHot8Wy,2017-12-08,['Luke Bryan'],['0BvkDsjIUla7X0k6CSWh1I'],"[['contemporary country', 'country', 'country road']]",[79],[6967544],Most People Are Good,79LAFAkR1ATb4iIQvZuCL0,64,['Luke Bryan'],['0BvkDsjIUla7X0k6CSWh1I'],"[['contemporary country', 'country', 'country road']]",[79],False,[6967544],0.586,0.732,8,-6.171,1,0.176,0.0,0.148,0.582,150.109,221801,4
54,34KSLHLGSNqeK6UfxKnLuM,Billboard 200 Top Albums 2018,55,Shawn Mendes,2VP96XdMOKTXefI8Nui23s,2018-05-25,['Shawn Mendes'],['7n2wHs1TKAczGzO7Dd2rGr'],"[['canadian pop', 'dance pop', 'pop', 'viral pop']]",[89],[35897134],In My Blood,2QZ7WLBE8h2y1Y5Fb8RYbH,78,['Shawn Mendes'],['7n2wHs1TKAczGzO7Dd2rGr'],"[['canadian pop', 'dance pop', 'pop', 'viral pop']]",[89],False,[35897134],0.622,0.712,5,-7.321,1,0.0573,0.0,0.13,0.487,140.025,211360,4
55,34KSLHLGSNqeK6UfxKnLuM,Billboard 200 Top Albums 2018,56,Odisea,4s05NbwGgw5SO42AdsN5Oo,2017-08-25,['Ozuna'],['1i8SpTcr7yvPOmcqrbnVXY'],"[['latin', 'puerto rican pop', 'reggaeton', 'trap latino']]",[91],[30673405],Se Preparó,1m69ELEgE6k5ZWsap40ozt,76,['Ozuna'],['1i8SpTcr7yvPOmcqrbnVXY'],"[['latin', 'puerto rican pop', 'reggaeton', 'trap latino']]",[91],False,[30673405],0.739,0.821,1,-4.233,1,0.222,9.6e-06,0.311,0.693,171.077,188080,4
56,34KSLHLGSNqeK6UfxKnLuM,Billboard 200 Top Albums 2018,57,Pray for the Wicked,6ApYSpXF8GxZAgBTHDzYge,2018-06-22,['Panic! At The Disco'],['20JZFwl6HVl6yg8a4H3ZqK'],[['modern rock']],[82],[11098752],High Hopes,1rqqCSm0Qe4I9rUvWncaom,84,['Panic! At The Disco'],['20JZFwl6HVl6yg8a4H3ZqK'],[['modern rock']],[82],False,[11098752],0.579,0.904,5,-2.729,1,0.193,0.0,0.064,0.681,82.014,190947,4
57,34KSLHLGSNqeK6UfxKnLuM,Billboard 200 Top Albums 2018,58,Take Care (Deluxe),6X1x82kppWZmDzlXXK3y3q,2011-11-15,['Drake'],['3TVXtAsR1Inumwj472S9r4'],"[['canadian hip hop', 'canadian pop', 'hip hop', 'rap', 'toronto rap']]",[98],[59845429],Headlines,6LxSe8YmdPxy095Ux6znaQ,76,['Drake'],['3TVXtAsR1Inumwj472S9r4'],"[['canadian hip hop', 'canadian pop', 'hip hop', 'rap', 'toronto rap']]",[98],True,[59845429],0.636,0.566,6,-7.16,0,0.365,0.000353,0.0917,0.425,151.894,235987,4
58,34KSLHLGSNqeK6UfxKnLuM,Billboard 200 Top Albums 2018,59,Curtain Call: The Hits,3eFDUa0q5bS0bYMp9LGJLk,2005-12-06,['Eminem'],['7dGJo4pcD2V6oG8kP0tJRR'],"[['detroit hip hop', 'hip hop', 'rap']]",[94],[50789465],Lose Yourself - Soundtrack Version,1a3xfVZyJnlKn4t65ccBbp,54,['Eminem'],['7dGJo4pcD2V6oG8kP0tJRR'],"[['detroit hip hop', 'hip hop', 'rap']]",[94],False,[50789465],0.703,0.746,2,-4.718,1,0.00535,1.8e-05,0.357,0.0655,171.387,321213,4
59,34KSLHLGSNqeK6UfxKnLuM,Billboard 200 Top Albums 2018,60,From A Room: Volume 2,24fkX2Gdqw4a6pR9BUYbE5,2017-12-01,['Chris Stapleton'],['4YLtscXsxbVgi031ovDDdh'],"[['contemporary country', 'outlaw country']]",[81],[3899943],Millionaire,68JS5SFTnW5Yv9Vzw81Jf0,72,['Chris Stapleton'],['4YLtscXsxbVgi031ovDDdh'],"[['contemporary country', 'outlaw country']]",[81],False,[3899943],0.616,0.474,10,-9.608,1,0.192,0.00762,0.0989,0.493,142.689,210133,4
60,34KSLHLGSNqeK6UfxKnLuM,Billboard 200 Top Albums 2018,61,Brett Young,6MTPPsqX8KnmDWmnQmbxJ5,2017-02-10,['Brett Young'],['0fiWOxhsBsQQvFDtxUQWo0'],"[['contemporary country', 'country']]",[71],[819023],In Case You Didn't Know,10M2Ex445zw585Ducldzkw,77,['Brett Young'],['0fiWOxhsBsQQvFDtxUQWo0'],"[['contemporary country', 'country']]",[71],False,[819023],0.607,0.536,10,-7.306,1,0.386,0.0,0.102,0.434,147.986,224853,4
61,34KSLHLGSNqeK6UfxKnLuM,Billboard 200 Top Albums 2018,62,Diamonds (Deluxe),1uzIyRT1QxDx4fMIX0UiAE,2017-11-10,['Elton John'],['3PhoLpVuITZKcymswpck5b'],"[['glam rock', 'mellow gold', 'piano rock']]",[91],[8456263],Rocket Man (I Think It's Going To Be A Long Long Time) - Remastered,2HlCoznsLUjxP3Plgn12bf,54,['Elton John'],['3PhoLpVuITZKcymswpck5b'],"[['glam rock', 'mellow gold', 'piano rock']]",[91],False,[8456263],0.605,0.559,10,-7.803,1,0.452,2.28e-06,0.0962,0.334,136.747,282000,4
62,34KSLHLGSNqeK6UfxKnLuM,Billboard 200 Top Albums 2018,63,x (Deluxe Edition),1xn54DMo2qIqBuMqHtUsFd,2014-06-21,['Ed Sheeran'],['6eUKZXaKkcviH0Ku9w2n3V'],"[['pop', 'uk pop']]",[97],[90231430],Thinking out Loud,34gCuhDGsG4bRPIf9bb02f,85,['Ed Sheeran'],['6eUKZXaKkcviH0Ku9w2n3V'],"[['pop', 'uk pop']]",[97],False,[90231430],0.781,0.445,2,-6.061,1,0.474,0.0,0.184,0.591,78.998,281560,4
63,34KSLHLGSNqeK6UfxKnLuM,Billboard 200 Top Albums 2018,64,Bobby Tarantino II,7D0N06QQZHEkH5X71FexQ0,2018-03-09,['Logic'],['4xRYI6VqpkE3UwrDrAZL8L'],"[['conscious hip hop', 'dmv rap', 'hip hop', 'pop rap', 'rap']]",[82],[5589778],Everyday,4yJNh91hihphOioFDjICnn,35,"['Logic', 'Marshmello']",['4xRYI6VqpkE3UwrDrAZL8L'],"[['conscious hip hop', 'dmv rap', 'hip hop', 'pop rap', 'rap']]",[82],False,[5589778],0.651,0.744,1,-3.897,1,0.0455,0.0,0.0806,0.45,149.952,204747,4
64,34KSLHLGSNqeK6UfxKnLuM,Billboard 200 Top Albums 2018,65,From A Room: Volume 1,5L0e8X6Mf9lfjs2miK2WUB,2017-05-05,['Chris Stapleton'],['4YLtscXsxbVgi031ovDDdh'],"[['contemporary country', 'outlaw country']]",[81],[3899943],Broken Halos,06gD2ZtK3Dzc1BYqWExQJJ,73,['Chris Stapleton'],['4YLtscXsxbVgi031ovDDdh'],"[['contemporary country', 'outlaw country']]",[81],False,[3899943],0.613,0.564,8,-7.085,1,0.134,1.65e-06,0.0585,0.538,78.388,180907,4
65,34KSLHLGSNqeK6UfxKnLuM,Billboard 200 Top Albums 2018,66,Culture,0wGBMvq7f2ThcvfvfdcC7k,2017-01-26,['Migos'],['6oMuImdp5ZcFhWP0ESe6mG'],"[['atl hip hop', 'hip hop', 'pop rap', 'rap', 'trap']]",[83],[12015875],Bad and Boujee (feat. Lil Uzi Vert),2jTxollrIoPpqpGe4naUsv,48,"['Migos', 'Lil Uzi Vert']",['6oMuImdp5ZcFhWP0ESe6mG'],"[['atl hip hop', 'hip hop', 'pop rap', 'rap', 'trap']]",[83],False,[12015875],0.944,0.666,11,-5.247,1,0.0627,0.0,0.117,0.166,127.045,332690,4
66,34KSLHLGSNqeK6UfxKnLuM,Billboard 200 Top Albums 2018,67,The World Is Yours,5y8DVMKQzLnSWJCcH28kqf,2018-03-30,['Rich The Kid'],['1pPmIToKXyGdsCF6LmqLmI'],"[['atl hip hop', 'hip hop', 'melodic rap', 'plugg', 'pop rap', 'rap', 'southern hip hop', 'trap']]",[76],[2744808],Plug Walk,6C9dcR1bHXWVzD9sq3gRi9,44,['Rich The Kid'],['1pPmIToKXyGdsCF6LmqLmI'],"[['atl hip hop', 'hip hop', 'melodic rap', 'plugg', 'pop rap', 'rap', 'southern hip hop', 'trap']]",[76],False,[2744808],0.902,0.502,11,-6.639,1,0.148,3.09e-06,0.11,0.151,94.995,175230,4
67,34KSLHLGSNqeK6UfxKnLuM,Billboard 200 Top Albums 2018,68,H.E.R.,0pV0Mx07aMApIpF19oSQgY,2017-10-20,['H.E.R.'],['3Y7RZ31TRPVadSFVy1o8os'],"[['alternative r&b', 'dance pop', 'pop', 'r&b']]",[81],[4647723],Best Part (feat. Daniel Caesar),4OBZT9EnhYIV17t4pGw7ig,78,"['H.E.R.', 'Daniel Caesar']",['3Y7RZ31TRPVadSFVy1o8os'],"[['alternative r&b', 'dance pop', 'pop', 'r&b']]",[81],False,[4647723],0.473,0.371,4,-10.219,0,0.795,0.0,0.109,0.413,75.208,209400,4
68,34KSLHLGSNqeK6UfxKnLuM,Billboard 200 Top Albums 2018,69,COSMIC,5EEkfRgfYHiFu0lGur6Z6M,2018-04-12,['Bazzi'],['4GvEc3ANtPPjt1ZJllr5Zl'],"[['dance pop', 'electropop', 'pop']]",[78],[4736229],Mine,7uzmGiiJyRfuViKKK3lVmR,78,['Bazzi'],['4GvEc3ANtPPjt1ZJllr5Zl'],"[['dance pop', 'electropop', 'pop']]",[78],True,[4736229],0.71,0.789,4,-3.874,1,0.0161,2.77e-06,0.451,0.717,142.929,131064,4
69,34KSLHLGSNqeK6UfxKnLuM,Billboard 200 Top Albums 2018,70,EVERYTHING IS LOVE,3hCiP4V5Mu3Y0Z8lb70iDp,2018-06-16,['The Carters'],['4fpTMHe34LC5t3h5ztK8qu'],"[['pop', 'r&b', 'urban contemporary']]",[60],[1276711],APESHIT,0E6PsO3ymCfUh7pJQjBgkj,64,['The Carters'],['4fpTMHe34LC5t3h5ztK8qu'],"[['pop', 'r&b', 'urban contemporary']]",[60],True,[1276711],0.705,0.784,2,-6.477,1,0.0133,0.0,0.168,0.377,160.035,264853,4
70,34KSLHLGSNqeK6UfxKnLuM,Billboard 200 Top Albums 2018,71,Night Visions,6htgf3qv7vGcsdxLCDxKp8,2012-09-04,['Imagine Dragons'],['53XhwfbYqKCa1cC15pYq2q'],"[['modern rock', 'rock']]",[92],[37486645],Demons,3LlAyCYU26dvFZBDUIMb7a,75,['Imagine Dragons'],['53XhwfbYqKCa1cC15pYq2q'],"[['modern rock', 'rock']]",[92],False,[37486645],0.505,0.71,3,-3.015,1,0.19,0.00025,0.329,0.428,89.938,175200,4
71,34KSLHLGSNqeK6UfxKnLuM,Billboard 200 Top Albums 2018,72,Youngblood (Deluxe),2D0Hi3Jj6RFnpWDcSa0Otu,2018-06-15,['5 Seconds of Summer'],['5Rl15oVamLq7FbSb0NNBNy'],"[['boy band', 'dance pop', 'electropop', 'pop', 'post-teen pop']]",[82],[8148443],Youngblood,2iUXsYOEPhVqEBwsqP70rE,83,['5 Seconds of Summer'],['5Rl15oVamLq7FbSb0NNBNy'],"[['boy band', 'dance pop', 'electropop', 'pop', 'post-teen pop']]",[82],False,[8148443],0.596,0.854,7,-5.114,0,0.0169,0.0,0.124,0.152,120.274,203418,4
72,34KSLHLGSNqeK6UfxKnLuM,Billboard 200 Top Albums 2018,73,Birds In The Trap Sing McKnight,42WVQWuf1teDysXiOupIZt,2016-09-16,['Travis Scott'],['0Y5tJX1MQlPlqiwlOH1tJY'],"[['rap', 'slap house']]",[93],[19394352],goosebumps,6gBFPUFcJLzWGx4lenP6h2,87,['Travis Scott'],['0Y5tJX1MQlPlqiwlOH1tJY'],"[['rap', 'slap house']]",[93],True,[19394352],0.841,0.728,7,-3.37,1,0.0847,0.0,0.149,0.43,130.049,243837,4
73,34KSLHLGSNqeK6UfxKnLuM,Billboard 200 Top Albums 2018,74,Greatest Hits,3q6Bz38jmqRDkXI7j5Hb9Y,2008-05-20,['Tom Petty and the Heartbreakers'],['4tX2TplrkIP4v05BNC903e'],"[['album rock', 'blues rock', 'classic rock', 'country rock', 'folk rock', 'hard rock', 'heartland rock', 'mellow gold', 'rock', 'roots rock', 'soft rock']]",[72],[2084192],Free Fallin',44Mmek058DbzJeVGt9q8iJ,37,['Tom Petty'],['4tX2TplrkIP4v05BNC903e'],"[['album rock', 'blues rock', 'classic rock', 'country rock', 'folk rock', 'hard rock', 'heartland rock', 'mellow gold', 'rock', 'roots rock', 'soft rock']]",[72],False,[2084192],0.619,0.504,5,-11.562,1,0.0614,0.0,0.06,0.567,84.336,255680,4
74,34KSLHLGSNqeK6UfxKnLuM,Billboard 200 Top Albums 2018,75,Day69: Graduation Day,1ubczeMvCrPHbSEjgfu4a7,2018-04-10,['6ix9ine'],['7gZfnEnfiaHzxARJ2LeXrf'],"[['emo rap', 'rap']]",[77],[6646466],BILLY,5KhFaq45chTw8RGfWo8T8J,70,['6ix9ine'],['7gZfnEnfiaHzxARJ2LeXrf'],"[['emo rap', 'rap']]",[77],True,[6646466],0.764,0.711,4,-3.818,0,0.175,0.0,0.105,0.774,90.076,112667,4
75,34KSLHLGSNqeK6UfxKnLuM,Billboard 200 Top Albums 2018,76,Until Death Call My Name (Reloaded),1xFoRn9DxZXwPjEdGnw800,2018-06-29,['YoungBoy Never Broke Again'],['7wlFDEWiM5OoIAt8RSli8b'],"[['baton rouge rap', 'trap']]",[87],[8006717],Outside Today,3sA7HKGzcKTVscdiTCrWpX,69,['YoungBoy Never Broke Again'],['7wlFDEWiM5OoIAt8RSli8b'],"[['baton rouge rap', 'trap']]",[87],True,[8006717],0.851,0.666,11,-5.334,0,0.139,0.0,0.105,0.0585,134.068,129105,4
76,34KSLHLGSNqeK6UfxKnLuM,Billboard 200 Top Albums 2018,77,Blurryface,3cQO7jp5S9qLBoIVtbkSM1,2015-05-15,['Twenty One Pilots'],['3YQKmKGau1PzlVlkL1iodx'],"[['modern rock', 'rock']]",[85],[21696049],Stressed Out,3CRDbSIZ4r5MsZ0YwxuEkn,86,['Twenty One Pilots'],['3YQKmKGau1PzlVlkL1iodx'],"[['modern rock', 'rock']]",[85],False,[21696049],0.734,0.637,4,-5.677,0,0.0462,2.29e-05,0.0602,0.648,169.977,202333,4
77,34KSLHLGSNqeK6UfxKnLuM,Billboard 200 Top Albums 2018,78,Legend - The Best Of Bob Marley And The Wailers,4jKeipwuUTjlx9USNYdhZn,2002-01-01,['Bob Marley & The Wailers'],['2QsynagSdAqZj3U9HgDzjD'],"[['reggae', 'roots reggae']]",[81],[10214694],Three Little Birds,7vggqxNKwd6xdRoYS0pQtM,67,['Bob Marley & The Wailers'],['2QsynagSdAqZj3U9HgDzjD'],"[['reggae', 'roots reggae']]",[81],False,[10214694],0.825,0.494,9,-10.486,1,0.00974,5.15e-06,0.0361,0.626,74.103,180440,4
78,34KSLHLGSNqeK6UfxKnLuM,Billboard 200 Top Albums 2018,79,A Pentatonix Christmas Deluxe,3sId8sOH47yqOWopzbEtJn,2017-12-06,['Pentatonix'],['26AHtbjWKiwYzsoGoUZq53'],[['a cappella']],[86],[3196035],Hallelujah,0HZk0QsXPhMNAWNDR3rYE8,76,['Pentatonix'],['26AHtbjWKiwYzsoGoUZq53'],[['a cappella']],[86],False,[3196035],0.364,0.378,7,-7.381,0,0.47,0.0,0.339,0.366,89.918,268960,3
79,34KSLHLGSNqeK6UfxKnLuM,Billboard 200 Top Albums 2018,80,TROLLS (Original Motion Picture Soundtrack),65ayND23IInUPHJKsaAqe7,2016-09-23,['Trolls'],['05S6yFOzexsgurWstJlBqK'],[['deep classic garage rock']],[40],[36815],"CAN'T STOP THE FEELING! (from DreamWorks Animation's ""TROLLS"")",1WkMMavIMc4JZ8cfMmxHkI,74,['Justin Timberlake'],['05S6yFOzexsgurWstJlBqK'],[['deep classic garage rock']],[40],False,[36815],0.669,0.832,0,-5.721,1,0.0106,0.0,0.0968,0.7,113.035,237547,4
80,34KSLHLGSNqeK6UfxKnLuM,Billboard 200 Top Albums 2018,81,A Decade of Destruction,3vATbcJ2Od6FKPt9aDqz5i,2017-12-01,['Five Finger Death Punch'],['5t28BP42x2axFnqOOMg3CM'],"[['alternative metal', 'groove metal', 'nu metal']]",[78],[5220767],Wrong Side of Heaven,3HHZLLxDiALhkVAQZ4CZNF,30,['Five Finger Death Punch'],['5t28BP42x2axFnqOOMg3CM'],"[['alternative metal', 'groove metal', 'nu metal']]",[78],False,[5220767],0.482,0.926,4,-5.123,0,0.00685,0.0,0.288,0.529,150.014,271000,4
81,34KSLHLGSNqeK6UfxKnLuM,Billboard 200 Top Albums 2018,82,1989,2QJmrSgbdM35R67eoGQo4j,2014-10-27,['Taylor Swift'],['06HL4z0CvFAxyc27GXpf02'],[['pop']],[100],[47362363],Shake It Off,5xTtaWoae3wi06K5WfVUUH,73,['Taylor Swift'],['06HL4z0CvFAxyc27GXpf02'],[['pop']],[100],False,[47362363],0.648,0.785,7,-5.414,1,0.0561,0.0,0.148,0.943,160.02,219200,4
82,34KSLHLGSNqeK6UfxKnLuM,Billboard 200 Top Albums 2018,83,There's Really A Wolf,0lUL92det7mZ4DaHYmiUEC,2017-05-05,['Russ'],['1z7b1Pr1rSlvWRzsW3HOrS'],"[['hawaiian hip hop', 'rap']]",[82],[4209937],Losin Control,4cxMGhkinTocPSVVKWIw0d,77,['Russ'],['1z7b1Pr1rSlvWRzsW3HOrS'],"[['hawaiian hip hop', 'rap']]",[82],True,[4209937],0.759,0.245,6,-6.545,1,0.515,0.000154,0.102,0.209,96.992,237507,4
83,34KSLHLGSNqeK6UfxKnLuM,Billboard 200 Top Albums 2018,84,In The Lonely Hour,08jWgM4vSkTose4blKBWov,2014-05-26,['Sam Smith'],['2wY79sveU1sp5g7SokKOiI'],"[['dance pop', 'pop', 'uk pop']]",[88],[18416150],Stay With Me,5Nm9ERjJZ5oyfXZTECKmRt,84,['Sam Smith'],['2wY79sveU1sp5g7SokKOiI'],"[['dance pop', 'pop', 'uk pop']]",[88],False,[18416150],0.418,0.42,0,-6.444,1,0.588,6.39e-05,0.11,0.184,84.094,172724,4
84,34KSLHLGSNqeK6UfxKnLuM,Billboard 200 Top Albums 2018,85,Love Yourself 結 'Answer',43wFM1HquliY3iwKWzPN4y,2018-08-24,['BTS'],['3Nrfpe0tUJi4K4DXYWgMUX'],"[['k-pop', 'k-pop boy group']]",[97],[43535091],FAKE LOVE,6a0gRYXKK0YU69cXaB2RrK,51,['BTS'],['3Nrfpe0tUJi4K4DXYWgMUX'],"[['k-pop', 'k-pop boy group']]",[97],False,[43535091],0.557,0.719,2,-4.515,0,0.00267,0.0,0.306,0.345,77.502,242334,4
85,34KSLHLGSNqeK6UfxKnLuM,Billboard 200 Top Albums 2018,86,Beauty Behind The Madness,0P3oVJBFOv3TDXlYRhGL7s,2015-08-28,['The Weeknd'],['1Xyo4u8uXC1ZmMpatF05PJ'],"[['canadian contemporary r&b', 'canadian pop', 'pop']]",[97],[40135257],The Hills,7fBv7CLKzipRk6EC6TWHOB,87,['The Weeknd'],['1Xyo4u8uXC1ZmMpatF05PJ'],"[['canadian contemporary r&b', 'canadian pop', 'pop']]",[97],True,[40135257],0.585,0.564,0,-7.063,0,0.0671,0.0,0.135,0.137,113.003,242253,4
86,34KSLHLGSNqeK6UfxKnLuM,Billboard 200 Top Albums 2018,87,2014 Forest Hills Drive,7viNUmZZ8ztn2UB4XB3jIL,2014-12-09,['J. Cole'],['6l3HvQ5sa6mXTsMTB19rO5'],"[['conscious hip hop', 'hip hop', 'north carolina hip hop', 'rap']]",[90],[15414928],No Role Modelz,62vpWI1CHwFy7tMIcSStl8,88,['J. Cole'],['6l3HvQ5sa6mXTsMTB19rO5'],"[['conscious hip hop', 'hip hop', 'north carolina hip hop', 'rap']]",[90],True,[15414928],0.692,0.521,10,-8.465,0,0.301,0.0,0.0565,0.463,100.45,292987,4
87,34KSLHLGSNqeK6UfxKnLuM,Billboard 200 Top Albums 2018,88,Cry Pretty,6LURWtPusB5fGenqj0lbFd,2018-09-14,['Carrie Underwood'],['4xFUf1FHVy696Q1JQZMTRj'],"[['contemporary country', 'country', 'country dawn', 'country road', 'oklahoma country', 'post-teen pop']]",[77],[4931442],The Champion - Bonus Track,2F6JxWMP2ZfmVErc3ZTmqQ,61,"['Carrie Underwood', 'Ludacris']",['4xFUf1FHVy696Q1JQZMTRj'],"[['contemporary country', 'country', 'country dawn', 'country road', 'oklahoma country', 'post-teen pop']]",[77],False,[4931442],0.529,0.87,8,-3.32,0,0.0529,0.0,0.0946,0.36,182.1,222507,4
88,34KSLHLGSNqeK6UfxKnLuM,Billboard 200 Top Albums 2018,89,"good kid, m.A.A.d city (Deluxe)",3DGQ1iZ9XKUQxAUWjfC34w,2012,['Kendrick Lamar'],['2YZyLoL8N0Wb9xBt1NhZWg'],"[['conscious hip hop', 'hip hop', 'rap', 'west coast rap']]",[90],[18990071],Money Trees,0AOvNRgl0SMfOibWA5bP8o,64,"['Kendrick Lamar', 'Jay Rock']",['2YZyLoL8N0Wb9xBt1NhZWg'],"[['conscious hip hop', 'hip hop', 'rap', 'west coast rap']]",[90],True,[18990071],0.716,0.531,7,-7.355,1,0.0703,0.0,0.224,0.344,71.994,386907,4
89,34KSLHLGSNqeK6UfxKnLuM,Billboard 200 Top Albums 2018,90,Greatest Hits,1Gtf2hZQlOGVER16uemmzR,1988-11-29,['Journey'],['0rvjqX7ttXeg3mTy8Xscbt'],"[['album rock', 'classic rock', 'hard rock', 'mellow gold', 'rock', 'soft rock']]",[76],[4013102],Don't Stop Believin',5ehcf6UL1TkwozB386cRAp,59,['Journey'],['0rvjqX7ttXeg3mTy8Xscbt'],"[['album rock', 'classic rock', 'hard rock', 'mellow gold', 'rock', 'soft rock']]",[76],False,[4013102],0.494,0.805,4,-7.087,1,0.256,0.0,0.356,0.465,119.026,249093,4
90,34KSLHLGSNqeK6UfxKnLuM,Billboard 200 Top Albums 2018,91,Rumours (Super Deluxe),0BwWUstDMUbgq2NYONRqlu,1977-02-04,['Fleetwood Mac'],['08GQAI4eElDnROBrJRGE0X'],"[['album rock', 'classic rock', 'mellow gold', 'rock', 'soft rock', 'yacht rock']]",[83],[7633639],Dreams - 2004 Remaster,0ofHAoxe9vBkTCp2UQIavz,86,['Fleetwood Mac'],['08GQAI4eElDnROBrJRGE0X'],"[['album rock', 'classic rock', 'mellow gold', 'rock', 'soft rock', 'yacht rock']]",[83],False,[7633639],0.828,0.492,0,-9.744,1,0.0644,0.00428,0.128,0.789,120.151,257800,4
91,34KSLHLGSNqeK6UfxKnLuM,Billboard 200 Top Albums 2018,92,dont smile at me,7fRrTyKvE4Skh93v97gtcU,2017-12-22,['Billie Eilish'],['6qqNVTkY8uBg9cP3Jd7DAH'],"[['art pop', 'electropop', 'pop']]",[93],[54730757],ocean eyes,7hDVYcQq6MxkdJGweuCtl9,81,['Billie Eilish'],['6qqNVTkY8uBg9cP3Jd7DAH'],"[['art pop', 'electropop', 'pop']]",[93],False,[54730757],0.511,0.363,4,-7.65,0,0.816,0.0317,0.084,0.169,144.892,200379,4
92,34KSLHLGSNqeK6UfxKnLuM,Billboard 200 Top Albums 2018,93,Chronicle: 20 Greatest Hits,03GKkfyog7hnllilFS3jIV,1976-01-01,['Creedence Clearwater Revival'],['3IYUhFvPQItj6xySrBmZkd'],"[['album rock', 'classic rock', 'country rock', 'rock', 'southern rock', 'swamp rock']]",[80],[4768366],Have You Ever Seen The Rain,5XE8c07vbpQBUriwybOHtd,66,['Creedence Clearwater Revival'],['3IYUhFvPQItj6xySrBmZkd'],"[['album rock', 'classic rock', 'country rock', 'rock', 'southern rock', 'swamp rock']]",[80],False,[4768366],0.773,0.543,0,-9.97,1,0.093,5.63e-06,0.175,0.802,115.997,160000,4
93,34KSLHLGSNqeK6UfxKnLuM,Billboard 200 Top Albums 2018,94,ANTI,48i37aZTC1prDr4EcpQeEa,2016-01-28,['Rihanna'],['5pKCCKE2ajJHZ9KAiaK11H'],"[['barbadian pop', 'dance pop', 'pop', 'pop rap', 'urban contemporary']]",[91],[46444731],Work,5gZsEYaYvyi1sAVyuiXbDm,48,"['Rihanna', 'Drake']",['5pKCCKE2ajJHZ9KAiaK11H'],"[['barbadian pop', 'dance pop', 'pop', 'pop rap', 'urban contemporary']]",[91],True,[46444731],0.725,0.534,11,-6.238,1,0.0752,0.0,0.0919,0.558,91.974,219320,4
94,34KSLHLGSNqeK6UfxKnLuM,Billboard 200 Top Albums 2018,95,Come Tomorrow,1Q6IYDePv0Dl8RXBnJ4jhy,2018-06-08,['Dave Matthews Band'],['2TI7qyDE0QfyOlnbtfDo7L'],"[['jam band', 'neo mellow', 'pop rock']]",[68],[1643486],Samurai Cop (Oh Joy Begin),69a3udBACapETLMsQaqm6i,52,['Dave Matthews Band'],['2TI7qyDE0QfyOlnbtfDo7L'],"[['jam band', 'neo mellow', 'pop rock']]",[68],False,[1643486],0.564,0.634,11,-4.998,1,0.038,0.0,0.211,0.341,127.993,262240,4
95,34KSLHLGSNqeK6UfxKnLuM,Billboard 200 Top Albums 2018,96,Greatest Hits,6a8nlV9V8kPUbTTCJNVSsh,2014,['Queen'],['1dfeR4HaWDbWqFHLkxsg1d'],"[['classic rock', 'glam rock', 'rock']]",[90],[38849077],Bohemian Rhapsody - Remastered 2011,6ljkRMigoNtu0x1mlTEsKc,36,['Queen'],['1dfeR4HaWDbWqFHLkxsg1d'],"[['classic rock', 'glam rock', 'rock']]",[90],False,[38849077],0.393,0.398,0,-9.973,0,0.256,0.0,0.195,0.236,143.353,355467,4
96,34KSLHLGSNqeK6UfxKnLuM,Billboard 200 Top Albums 2018,97,"Huncho Jack, Jack Huncho",6FED8aeieEnUWwQqAO9zT1,2017-12-21,"['Huncho Jack', 'Travis Scott', 'Quavo']","['6extd4B6hl8VTmnlhpl2bY', '0Y5tJX1MQlPlqiwlOH1tJY', '0VRj0yCOv2FXJNP47XQnx5']","[['hip hop', 'melodic rap', 'pop rap', 'rap', 'southern hip hop', 'trap'], ['rap', 'slap house'], ['atl hip hop', 'hip hop', 'melodic rap', 'pop rap', 'rap', 'southern hip hop', 'trap']]","[63, 93, 83]","[949131, 19394352, 5416045]",Saint,7foypmc7KZyU716Yv63BPe,65,"['Huncho Jack', 'Travis Scott', 'Quavo']","['6extd4B6hl8VTmnlhpl2bY', '0Y5tJX1MQlPlqiwlOH1tJY', '0VRj0yCOv2FXJNP47XQnx5']","[['hip hop', 'melodic rap', 'pop rap', 'rap', 'southern hip hop', 'trap'], ['rap', 'slap house'], ['atl hip hop', 'hip hop', 'melodic rap', 'pop rap', 'rap', 'southern hip hop', 'trap']]","[63, 93, 83]",True,"[949131, 19394352, 5416045]",0.866,0.648,1,-3.675,1,0.009,0.0,0.0967,0.0798,150.058,140793,4
97,34KSLHLGSNqeK6UfxKnLuM,Billboard 200 Top Albums 2018,98,Illuminate,1ne2D0NxoGyZd31gAM4HNd,2017-04-20,['Shawn Mendes'],['7n2wHs1TKAczGzO7Dd2rGr'],"[['canadian pop', 'dance pop', 'pop', 'viral pop']]",[89],[35897134],Treat You Better,3QGsuHI8jO1Rx4JWLUh9jd,85,['Shawn Mendes'],['7n2wHs1TKAczGzO7Dd2rGr'],"[['canadian pop', 'dance pop', 'pop', 'viral pop']]",[89],False,[35897134],0.444,0.819,10,-4.078,0,0.106,0.0,0.107,0.747,82.695,187973,4
98,34KSLHLGSNqeK6UfxKnLuM,Billboard 200 Top Albums 2018,99,California Sunrise,1DTBcVfk3zXPHRmgpY6rFZ,2016-05-13,['Jon Pardi'],['4MoAOfV4ROWofLG3a3hhBN'],"[['contemporary country', 'country', 'country road', 'modern country rock']]",[73],[1332379],Head Over Boots,4ly1QBXEwYoDmje9rmEgC4,74,['Jon Pardi'],['4MoAOfV4ROWofLG3a3hhBN'],"[['contemporary country', 'country', 'country road', 'modern country rock']]",[73],False,[1332379],0.563,0.688,7,-4.474,1,0.0763,0.0,0.0863,0.622,108.008,202347,4
99,34KSLHLGSNqeK6UfxKnLuM,Billboard 200 Top Albums 2018,100,The Bigger Artist,3HHp5I6Q6SEyU5bkvoCtnV,2017-09-29,['A Boogie Wit da Hoodie'],['31W5EY0aAly4Qieq6OFu6I'],"[['melodic rap', 'rap', 'trap']]",[87],[6183226],Drowning (feat. Kodak Black),1f5cbQtDrykjarZVrShaDI,77,"['A Boogie Wit da Hoodie', 'Kodak Black']",['31W5EY0aAly4Qieq6OFu6I'],"[['melodic rap', 'rap', 'trap']]",[87],True,[6183226],0.839,0.81,5,-5.274,0,0.501,0.0,0.117,0.814,129.014,209269,4
100,34KSLHLGSNqeK6UfxKnLuM,Billboard 200 Top Albums 2018,101,Love Yourself 轉 'Tear',4NIqCxqP9o8Tp6tGLBqd8O,2018-05-18,['BTS'],['3Nrfpe0tUJi4K4DXYWgMUX'],"[['k-pop', 'k-pop boy group']]",[97],[43535091],FAKE LOVE,6m1TWFMeon7ai9XLOzdbiR,75,['BTS'],['3Nrfpe0tUJi4K4DXYWgMUX'],"[['k-pop', 'k-pop boy group']]",[97],False,[43535091],0.557,0.719,2,-4.515,0,0.00267,0.0,0.306,0.345,77.502,242334,4
101,34KSLHLGSNqeK6UfxKnLuM,Billboard 200 Top Albums 2018,102,Drip Harder,2yXnY2NiaZk9QiJJittS81,2018-10-05,"['Lil Baby', 'Gunna']","['5f7VJjfbwm532GiveGC0ZK', '2hlmm7s2ICUX0LVIhVFlZQ']","[['atl hip hop', 'atl trap', 'rap', 'trap'], ['atl hip hop', 'hip hop', 'melodic rap', 'rap', 'trap']]","[93, 89]","[9150690, 3726178]",Drip Too Hard (Lil Baby & Gunna),78QR3Wp35dqAhFEc2qAGjE,84,"['Lil Baby', 'Gunna']","['5f7VJjfbwm532GiveGC0ZK', '2hlmm7s2ICUX0LVIhVFlZQ']","[['atl hip hop', 'atl trap', 'rap', 'trap'], ['atl hip hop', 'hip hop', 'melodic rap', 'rap', 'trap']]","[93, 89]",True,"[9150690, 3726178]",0.897,0.662,1,-6.903,0,0.0852,0.0,0.534,0.389,112.511,145543,4
102,34KSLHLGSNqeK6UfxKnLuM,Billboard 200 Top Albums 2018,103,Montevallo,0V7c0hnrLUFJyHNtjiAT2E,2014-10-27,['Sam Hunt'],['2kucQ9jQwuD8jWdtR9Ef38'],"[['contemporary country', 'country pop']]",[76],[2168650],House Party,1TwLKNsCnhi1HxbIi4bAW0,73,['Sam Hunt'],['2kucQ9jQwuD8jWdtR9Ef38'],"[['contemporary country', 'country pop']]",[76],False,[2168650],0.747,0.861,8,-5.251,1,0.113,0.0,0.026,0.859,103.966,190240,4
103,34KSLHLGSNqeK6UfxKnLuM,Billboard 200 Top Albums 2018,104,Lil Pump,2VVvm4zJlUQm9XmBCvGN6z,2017-10-06,['Lil Pump'],['3wyVrVrFCkukjdVIdirGVY'],"[['emo rap', 'miami hip hop', 'rap', 'trap']]",[72],[7865011],Gucci Gang,43ZyHQITOjhciSUUNPVRHc,68,['Lil Pump'],['3wyVrVrFCkukjdVIdirGVY'],"[['emo rap', 'miami hip hop', 'rap', 'trap']]",[72],True,[7865011],0.936,0.523,5,-6.71,1,0.239,0.0,0.117,0.699,119.889,124056,4
104,34KSLHLGSNqeK6UfxKnLuM,Billboard 200 Top Albums 2018,105,The Essential Michael Jackson,77dNyQA0z8dV33M4so4eRY,2005-07-19,['Michael Jackson'],['3fMbdgg4jU18AjLCKBhRSm'],"[['pop', 'r&b', 'soul']]",[85],[21137344],Billie Jean,4WSfyC9pFp0nc8OD0rHyaD,40,['Michael Jackson'],['3fMbdgg4jU18AjLCKBhRSm'],"[['pop', 'r&b', 'soul']]",[85],False,[21137344],0.92,0.559,11,-5.667,0,0.0191,0.0424,0.0444,0.819,117.167,292960,4
105,34KSLHLGSNqeK6UfxKnLuM,Billboard 200 Top Albums 2018,106,Death of a Bachelor,6twKQ0EsUJHVlAr6XBylrj,2016-01-15,['Panic! At The Disco'],['20JZFwl6HVl6yg8a4H3ZqK'],[['modern rock']],[82],[11098752],Death of a Bachelor,1BECwm5qkaBwlbfo4kpYx8,73,['Panic! At The Disco'],['20JZFwl6HVl6yg8a4H3ZqK'],[['modern rock']],[82],False,[11098752],0.462,0.538,0,-5.527,1,0.0137,0.0,0.429,0.405,139.256,203507,4
106,34KSLHLGSNqeK6UfxKnLuM,Billboard 200 Top Albums 2018,107,Swimming,5wtE5aLX5r7jOosmPhJhhk,2018-08-03,['Mac Miller'],['4LLpKhyESsyAXpc4laK94U'],"[['hip hop', 'pittsburgh rap', 'rap']]",[87],[6788769],Self Care,5bJ1DrEM4hNCafcDd1oxHx,81,['Mac Miller'],['4LLpKhyESsyAXpc4laK94U'],"[['hip hop', 'pittsburgh rap', 'rap']]",[87],True,[6788769],0.52,0.538,1,-8.109,1,0.367,0.00187,0.119,0.177,141.894,345133,4
107,34KSLHLGSNqeK6UfxKnLuM,Billboard 200 Top Albums 2018,108,All Your Fault: Pt. 2,6t5D6LEgHxqUVOxJItkzfb,2017-08-11,['Bebe Rexha'],['64M6ah0SkkRsnPGtGiRAbb'],"[['dance pop', 'edm', 'electropop', 'pop', 'post-teen pop']]",[83],[6933696],Meant to Be (feat. Florida Georgia Line),7iDa6hUg2VgEL1o1HjmfBn,78,"['Bebe Rexha', 'Florida Georgia Line']",['64M6ah0SkkRsnPGtGiRAbb'],"[['dance pop', 'edm', 'electropop', 'pop', 'post-teen pop']]",[83],False,[6933696],0.643,0.783,10,-6.458,1,0.047,0.0,0.083,0.579,154.084,163870,4
108,34KSLHLGSNqeK6UfxKnLuM,Billboard 200 Top Albums 2018,109,Metallica (Remastered),55fq75UfkYbGMq4CncCtOH,1991-08-12,['Metallica'],['2ye2Wgw4gimLv2eAKyk1NB'],"[['hard rock', 'metal', 'old school thrash', 'rock', 'thrash metal']]",[84],[19960174],Enter Sandman (Remastered),3VqHuw0wFlIHcIPWkhIbdQ,76,['Metallica'],['2ye2Wgw4gimLv2eAKyk1NB'],"[['hard rock', 'metal', 'old school thrash', 'rock', 'thrash metal']]",[84],False,[19960174],0.566,0.834,6,-8.412,0,0.00277,0.008,0.0625,0.621,123.296,331560,4
109,34KSLHLGSNqeK6UfxKnLuM,Billboard 200 Top Albums 2018,110,Freudian,3xybjP7r2VsWzwvDQipdM0,2017-08-25,['Daniel Caesar'],['20wkVLutqVOYrc0kxFs7rA'],"[['canadian contemporary r&b', 'pop', 'r&b']]",[83],[3031003],Best Part (feat. H.E.R.),1RMJOxR6GRPsBHL8qeC2ux,79,"['Daniel Caesar', 'H.E.R.']",['20wkVLutqVOYrc0kxFs7rA'],"[['canadian contemporary r&b', 'pop', 'r&b']]",[83],False,[3031003],0.524,0.364,7,-10.209,1,0.808,0.0,0.1,0.436,75.24,209831,4
110,34KSLHLGSNqeK6UfxKnLuM,Billboard 200 Top Albums 2018,111,Nothing Was The Same,1XslIirSxfAhhxRdn4Li9t,2013-01-01,['Drake'],['3TVXtAsR1Inumwj472S9r4'],"[['canadian hip hop', 'canadian pop', 'hip hop', 'rap', 'toronto rap']]",[98],[59845429],"Hold On, We're Going Home",2aSC2xhRxOLiiZZVjhbylH,72,"['Drake', 'Majid Jordan']",['3TVXtAsR1Inumwj472S9r4'],"[['canadian hip hop', 'canadian pop', 'hip hop', 'rap', 'toronto rap']]",[98],False,[59845429],0.777,0.414,6,-7.44,0,0.00421,2.73e-05,0.0724,0.287,100.002,227880,4
111,34KSLHLGSNqeK6UfxKnLuM,Billboard 200 Top Albums 2018,112,T R A P S O U L,6eZdwrhB97A3EYx9QppGfl,2015-10-02,['Bryson Tiller'],['2EMAnMvWE2eb56ToJVfCWs'],"[['kentucky hip hop', 'pop', 'pop rap', 'r&b', 'rap']]",[83],[5366601],Don't,3pXF1nA74528Edde4of9CC,82,['Bryson Tiller'],['2EMAnMvWE2eb56ToJVfCWs'],"[['kentucky hip hop', 'pop', 'pop rap', 'r&b', 'rap']]",[83],True,[5366601],0.765,0.356,11,-5.556,0,0.223,0.0,0.0963,0.189,96.991,198293,4
112,34KSLHLGSNqeK6UfxKnLuM,Billboard 200 Top Albums 2018,113,Look Up Child,6pmoTLfsPpn0wisT3YFJSN,2018-09-07,['Lauren Daigle'],['40LHVA5BTQp9RxHOQ9JPYj'],"[['ccm', 'christian music', 'worship']]",[74],[1932398],You Say,6Up545NUflOiXo8cEraH49,77,['Lauren Daigle'],['40LHVA5BTQp9RxHOQ9JPYj'],"[['ccm', 'christian music', 'worship']]",[74],False,[1932398],0.494,0.632,5,-6.89,1,0.682,0.0,0.0869,0.0797,147.873,274693,4
113,34KSLHLGSNqeK6UfxKnLuM,Billboard 200 Top Albums 2018,114,Graffiti U,52aaxT2Se2oUyijUbWwp3Z,2018-04-27,['Keith Urban'],['0u2FHSq3ln94y5Q57xazwf'],"[['australian country', 'australian pop', 'contemporary country', 'country', 'country road']]",[75],[4480223],Parallel Line,567gPvGfxxKoZxDKqM9tEl,62,['Keith Urban'],['0u2FHSq3ln94y5Q57xazwf'],"[['australian country', 'australian pop', 'contemporary country', 'country', 'country road']]",[75],False,[4480223],0.621,0.477,0,-5.284,1,0.202,0.0,0.215,0.481,81.976,253084,4
114,34KSLHLGSNqeK6UfxKnLuM,Billboard 200 Top Albums 2018,115,Dan + Shay,0g1F5eGVwX4Sxi1n8ojPkE,2018-06-22,['Dan + Shay'],['7z5WFjZAIYejWy0NI5lv4T'],"[['contemporary country', 'country', 'pop']]",[79],[2496007],Tequila,42fw0rxRO2xbesF6mJfd4Y,74,['Dan + Shay'],['7z5WFjZAIYejWy0NI5lv4T'],"[['contemporary country', 'country', 'pop']]",[79],False,[2496007],0.489,0.581,11,-5.731,1,0.0312,0.0,0.132,0.494,86.016,196747,4
115,34KSLHLGSNqeK6UfxKnLuM,Billboard 200 Top Albums 2018,116,SR3MM,1a8jhtRIt7GCouH7feFZRb,2018-05-04,"['Rae Sremmurd', 'Swae Lee', 'Slim Jxmmi']","['7iZtZyCzp3LItcw1wtPI3D', '1zNqQNIdeOUZHb8zbZRFMX', '7EEiVZvj6RCEtVX2F2pyxu']","[['hip hop', 'melodic rap', 'mississippi hip hop', 'pop rap', 'rap', 'southern hip hop', 'trap'], ['melodic rap', 'trap'], ['trap']]","[78, 83, 64]","[6686366, 1369524, 95026]",Powerglide (feat. Juicy J) - From SR3MM,2FT4BjYct7I6z6UFVqUrfU,39,"['Rae Sremmurd', 'Swae Lee', 'Slim Jxmmi', 'Juicy J']","['7iZtZyCzp3LItcw1wtPI3D', '1zNqQNIdeOUZHb8zbZRFMX', '7EEiVZvj6RCEtVX2F2pyxu']","[['hip hop', 'melodic rap', 'mississippi hip hop', 'pop rap', 'rap', 'southern hip hop', 'trap'], ['melodic rap', 'trap'], ['trap']]","[78, 83, 64]",False,"[6686366, 1369524, 95026]",0.714,0.832,1,-4.799,0,0.0163,0.0,0.118,0.591,174.017,332301,4
116,34KSLHLGSNqeK6UfxKnLuM,Billboard 200 Top Albums 2018,117,War & Leisure,782Bl0XeXnhcezEfKvUx9O,2017-12-01,['Miguel'],['360IAlyVv4PCEVjgyMZrxK'],"[['dance pop', 'pop', 'r&b', 'urban contemporary']]",[81],[3788855],Sky Walker (feat. Travis Scott),7hT7wKc2gYxx27OSd7i1py,46,"['Miguel', 'Travis Scott']",['360IAlyVv4PCEVjgyMZrxK'],"[['dance pop', 'pop', 'r&b', 'urban contemporary']]",[81],False,[3788855],0.675,0.505,6,-10.536,1,0.173,1.16e-06,0.0867,0.178,145.974,259333,4
117,34KSLHLGSNqeK6UfxKnLuM,Billboard 200 Top Albums 2018,118,Dig Your Roots,09KOjaflTBRE28GVvXqkYC,2016-08-26,['Florida Georgia Line'],['3b8QkneNDz4JHKKKlLgYZg'],"[['contemporary country', 'country', 'country pop', 'country road', 'modern country rock']]",[80],[4602350],H.O.L.Y.,0BCy325UZyR9z0t0uxwn2N,72,['Florida Georgia Line'],['3b8QkneNDz4JHKKKlLgYZg'],"[['contemporary country', 'country', 'country pop', 'country road', 'modern country rock']]",[80],False,[4602350],0.523,0.666,7,-4.081,0,0.401,0.0,0.0728,0.564,78.077,194187,4
118,34KSLHLGSNqeK6UfxKnLuM,Billboard 200 Top Albums 2018,119,25,3AvPX1B1HiFROvYjLb5Qwi,2015-11-20,['Adele'],['4dpARuHxo51G3z768sgnrY'],"[['british soul', 'pop', 'pop soul', 'uk pop']]",[96],[32617041],Hello,62PaSfnXSMyLshYJrlTuL3,78,['Adele'],['4dpARuHxo51G3z768sgnrY'],"[['british soul', 'pop', 'pop soul', 'uk pop']]",[96],False,[32617041],0.578,0.43,5,-6.134,0,0.33,0.0,0.0854,0.288,78.991,295502,4
119,34KSLHLGSNqeK6UfxKnLuM,Billboard 200 Top Albums 2018,120,Doo-Wops & Hooligans,1uyf3l2d4XYwiEqAb7t7fX,2010-10-05,['Bruno Mars'],['0du5cEVh5yTK9QJze8zA0C'],"[['dance pop', 'pop']]",[93],[36749529],Just the Way You Are,7BqBn9nzAq8spo5e7cZ0dJ,83,['Bruno Mars'],['0du5cEVh5yTK9QJze8zA0C'],"[['dance pop', 'pop']]",[93],False,[36749529],0.635,0.841,5,-5.379,1,0.0134,0.0,0.0622,0.424,109.021,220734,4
120,34KSLHLGSNqeK6UfxKnLuM,Billboard 200 Top Albums 2018,121,Quality Control: Control The Streets Volume 1,07Jvk8tGuaMhR4H72znlLJ,2017-12-08,['Quality Control'],['6i392l38cR3uBPF0DbNs7S'],"[['hip hop', 'melodic rap', 'pop rap', 'rap', 'southern hip hop', 'trap']]",[70],[933269],Ice Tray,3wdfLVUhmX64lIyWIIEW8s,61,"['Quality Control', 'Quavo', 'Lil Yachty']",['6i392l38cR3uBPF0DbNs7S'],"[['hip hop', 'melodic rap', 'pop rap', 'rap', 'southern hip hop', 'trap']]",[70],True,[933269],0.89,0.504,8,-5.444,0,0.023,0.0,0.123,0.222,129.969,213613,4
121,34KSLHLGSNqeK6UfxKnLuM,Billboard 200 Top Albums 2018,122,Trench,621cXqrTSSJi1WqDMSLmbL,2018-10-05,['Twenty One Pilots'],['3YQKmKGau1PzlVlkL1iodx'],"[['modern rock', 'rock']]",[85],[21696049],Chlorine,23OXdR7YuUBVWh5hSnYJau,78,['Twenty One Pilots'],['3YQKmKGau1PzlVlkL1iodx'],"[['modern rock', 'rock']]",[85],False,[21696049],0.609,0.674,10,-7.388,0,0.0735,0.06,0.345,0.315,90.009,324467,4
122,34KSLHLGSNqeK6UfxKnLuM,Billboard 200 Top Albums 2018,123,Die Lit,7dAm8ShwJLFm9SaJ6Yc58O,2018-05-11,['Playboi Carti'],['699OTQXzgjhIYAHMy9RyPD'],"[['atl hip hop', 'plugg', 'rap', 'trap']]",[89],[5803107],Shoota (feat. Lil Uzi Vert),2BJSMvOGABRxokHKB0OI8i,83,"['Playboi Carti', 'Lil Uzi Vert']",['699OTQXzgjhIYAHMy9RyPD'],"[['atl hip hop', 'plugg', 'rap', 'trap']]",[89],True,[5803107],0.673,0.649,1,-8.433,0,0.188,0.0,0.122,0.47,153.075,153800,4
123,34KSLHLGSNqeK6UfxKnLuM,Billboard 200 Top Albums 2018,124,Drip Season 3,2zfUkbJbKtO6wGopVtmlWf,2018-02-02,['Gunna'],['2hlmm7s2ICUX0LVIhVFlZQ'],"[['atl hip hop', 'hip hop', 'melodic rap', 'rap', 'trap']]",[89],[3726178],Top Off,3QVz0ruRCFdkQ8QCeJeSG5,24,['Gunna'],['2hlmm7s2ICUX0LVIhVFlZQ'],"[['atl hip hop', 'hip hop', 'melodic rap', 'rap', 'trap']]",[89],True,[3726178],0.906,0.395,1,-11.277,1,0.0103,0.000195,0.117,0.376,146.056,197420,4
124,34KSLHLGSNqeK6UfxKnLuM,Billboard 200 Top Albums 2018,125,TESTING,3MATDdrpHmQCmuOcozZjDa,2018-05-25,['A$AP Rocky'],['13ubrt8QOOCPljQ2FL1Kca'],"[['east coast hip hop', 'hip hop', 'rap', 'trap']]",[86],[10399912],Praise The Lord (Da Shine) (feat. Skepta),7ycWLEP1GsNjVvcjawXz3z,83,"['A$AP Rocky', 'Skepta']",['13ubrt8QOOCPljQ2FL1Kca'],"[['east coast hip hop', 'hip hop', 'rap', 'trap']]",[86],True,[10399912],0.854,0.569,5,-8.151,0,0.0609,0.0816,0.1,0.294,80.015,205040,4
125,34KSLHLGSNqeK6UfxKnLuM,Billboard 200 Top Albums 2018,126,Trip,7CAAClnSiXdMibPT1oyl4k,2017-09-22,['Jhené Aiko'],['5ZS223C6JyBfXasXxrRqOk'],"[['alternative r&b', 'dance pop', 'pop', 'r&b', 'urban contemporary']]",[82],[5104869],Sativa,2pg2TiYo9Rb8KeB5JjP7jS,77,"['Jhené Aiko', 'Swae Lee']",['5ZS223C6JyBfXasXxrRqOk'],"[['alternative r&b', 'dance pop', 'pop', 'r&b', 'urban contemporary']]",[82],True,[5104869],0.741,0.61,6,-7.34,0,0.316,0.0,0.534,0.72,125.99,276960,4
126,34KSLHLGSNqeK6UfxKnLuM,Billboard 200 Top Albums 2018,127,1 (Remastered),7vEJAtP3KgKSpOHVgwm3Eh,2000-11-13,['The Beatles'],['3WrFJ7ztbogyGnTHbHJFl2'],"[['beatlesque', 'british invasion', 'classic rock', 'merseybeat', 'psychedelic rock', 'rock']]",[90],[21540301],Come Together - Remastered 2015,3CEFDHJSiERlfwRujZ1CkJ,57,['The Beatles'],['3WrFJ7ztbogyGnTHbHJFl2'],"[['beatlesque', 'british invasion', 'classic rock', 'merseybeat', 'psychedelic rock', 'rock']]",[90],False,[21540301],0.559,0.343,9,-13.072,0,0.0601,0.138,0.1,0.183,164.53,258693,4
127,34KSLHLGSNqeK6UfxKnLuM,Billboard 200 Top Albums 2018,128,Rolling Papers 2,0YFou4SbS16F4GhSADLDfz,2018-07-13,['Wiz Khalifa'],['137W8MRPWKqSmrBGDBFSop'],"[['dance pop', 'hip hop', 'pittsburgh rap', 'pop rap', 'rap', 'southern hip hop', 'trap']]",[87],[10318002],Hopeless Romantic (feat. Swae Lee),7IBSffWIu7P2MC7kMwy2FM,72,"['Wiz Khalifa', 'Swae Lee']",['137W8MRPWKqSmrBGDBFSop'],"[['dance pop', 'hip hop', 'pittsburgh rap', 'pop rap', 'rap', 'southern hip hop', 'trap']]",[87],True,[10318002],0.877,0.477,9,-7.379,0,0.307,0.0,0.0929,0.552,127.023,226743,4
128,34KSLHLGSNqeK6UfxKnLuM,Billboard 200 Top Albums 2018,129,Memories...Do Not Open,4JPguzRps3kuWDD5GS6oXr,2017-04-07,['The Chainsmokers'],['69GGBxA162lTqCwzJG5jLp'],"[['dance pop', 'edm', 'electropop', 'pop', 'pop dance', 'tropical house']]",[84],[18653131],Something Just Like This,6RUKPb4LETWmmr3iAEQktW,85,"['The Chainsmokers', 'Coldplay']",['69GGBxA162lTqCwzJG5jLp'],"[['dance pop', 'edm', 'electropop', 'pop', 'pop dance', 'tropical house']]",[84],False,[18653131],0.617,0.635,11,-6.769,0,0.0498,1.44e-05,0.164,0.446,103.019,247160,4
129,34KSLHLGSNqeK6UfxKnLuM,Billboard 200 Top Albums 2018,130,Voicenotes,0mZIUXje90JtHxPNzWsJNR,2018-05-11,['Charlie Puth'],['6VuMaDnrHyPL1p4EHjYLi7'],"[['dance pop', 'pop', 'viral pop']]",[82],[14837250],Attention,5cF0dROlMOK5uNZtivgu50,83,['Charlie Puth'],['6VuMaDnrHyPL1p4EHjYLi7'],"[['dance pop', 'pop', 'viral pop']]",[82],False,[14837250],0.775,0.613,3,-4.586,0,0.109,2.33e-05,0.134,0.797,100.066,208787,4
130,34KSLHLGSNqeK6UfxKnLuM,Billboard 200 Top Albums 2018,131,Songs Of Experience (Deluxe Edition),6S9YaGXnmRe8tWJ0e457HP,2017-12-01,['U2'],['51Blml2LZPmy7TTiAg47vQ'],"[['irish rock', 'permanent wave', 'rock']]",[82],[9202175],Get Out Of Your Own Way,4nXYb4yc3c1a3NWqdpDrnd,55,['U2'],['51Blml2LZPmy7TTiAg47vQ'],"[['irish rock', 'permanent wave', 'rock']]",[82],False,[9202175],0.564,0.781,2,-9.697,1,0.0273,4.94e-05,0.561,0.415,130.035,238293,4
131,34KSLHLGSNqeK6UfxKnLuM,Billboard 200 Top Albums 2018,132,Coloring Book,71QyofYesSsRMwFOTafnhB,2016-05-27,['Chance the Rapper'],['1anyVhU62p31KFi8MEzkbf'],"[['chicago rap', 'conscious hip hop', 'hip hop', 'pop rap', 'rap']]",[81],[5507539],No Problem (feat. Lil Wayne & 2 Chainz),0v9Wz8o0BT8DU38R4ddjeH,71,"['Chance the Rapper', 'Lil Wayne', '2 Chainz']",['1anyVhU62p31KFi8MEzkbf'],"[['chicago rap', 'conscious hip hop', 'hip hop', 'pop rap', 'rap']]",[81],True,[5507539],0.652,0.795,11,-5.192,0,0.156,0.0,0.123,0.788,135.018,304607,4
132,34KSLHLGSNqeK6UfxKnLuM,Billboard 200 Top Albums 2018,133,Greatest Hits,5XqEf16OrHdmMoNS1b6WDg,2007-03-05,['The Notorious B.I.G.'],['5me0Irg2ANcsgc93uaYrpb'],"[['east coast hip hop', 'gangster rap', 'hardcore hip hop', 'hip hop', 'rap']]",[81],[7093878],Hypnotize - 2007 Remaster,6Tsu3OsuMz4KEGKbOYd6A0,73,['The Notorious B.I.G.'],['5me0Irg2ANcsgc93uaYrpb'],"[['east coast hip hop', 'gangster rap', 'hardcore hip hop', 'hip hop', 'rap']]",[81],True,[7093878],0.895,0.694,9,-4.384,1,0.176,0.0,0.292,0.632,93.944,230000,4
133,34KSLHLGSNqeK6UfxKnLuM,Billboard 200 Top Albums 2018,134,LIFE'S A TRIP,214f4uAY0p2KgY7Fl4fBgk,2018-08-10,['Trippie Redd'],['6Xgp2XMz1fhVYe7i6yNAax'],"[['melodic rap', 'rap', 'trap']]",[89],[7045660],Taking A Walk,4mHgYpuGHu99Mw69E83CP2,80,['Trippie Redd'],['6Xgp2XMz1fhVYe7i6yNAax'],"[['melodic rap', 'rap', 'trap']]",[89],True,[7045660],0.767,0.538,0,-6.044,0,0.68,0.0,0.192,0.343,81.031,121680,4
134,34KSLHLGSNqeK6UfxKnLuM,Billboard 200 Top Albums 2018,135,Greatest Hits So Far...,4YjC2XwME8RP4rmSIeGK7I,2014-11-07,['Zac Brown Band'],['6yJCxee7QumYr820xdIsjo'],"[['contemporary country', 'country', 'country road', 'modern country rock']]",[75],[2913056],Chicken Fried - Greatest Hits Version,1vq4dEytAKH7vNOxv8sGt0,0,['Zac Brown Band'],['6yJCxee7QumYr820xdIsjo'],"[['contemporary country', 'country', 'country road', 'modern country rock']]",[75],False,[2913056],0.564,0.718,6,-4.235,1,0.647,0.0,0.098,0.8,169.848,236907,4
135,34KSLHLGSNqeK6UfxKnLuM,Billboard 200 Top Albums 2018,136,Lil Boat 2,4nHOF3neSo6Y7OG5OAflkC,2018-03-09,['Lil Yachty'],['6icQOAFXDZKsumw3YXyusw'],"[['atl hip hop', 'hip hop', 'melodic rap', 'rap', 'trap', 'underground hip hop', 'viral rap']]",[82],[7709984],66,6tarvNiKnEjYMj1VZhlDqR,66,"['Lil Yachty', 'Trippie Redd']",['6icQOAFXDZKsumw3YXyusw'],"[['atl hip hop', 'hip hop', 'melodic rap', 'rap', 'trap', 'underground hip hop', 'viral rap']]",[82],True,[7709984],0.667,0.723,5,-4.31,0,0.0455,0.000193,0.213,0.251,148.058,153475,4
136,34KSLHLGSNqeK6UfxKnLuM,Billboard 200 Top Albums 2018,137,Woodstock,4VzzEviJGYUtAeSsJlI9QB,2017-06-16,['Portugal. The Man'],['4kI8Ie27vjvonwaB2ePh8T'],"[['indie rock', 'modern alternative rock', 'modern rock', 'rock']]",[69],[1283178],Feel It Still,6QgjcU0zLnzq5OrUoSZ3OK,79,['Portugal. The Man'],['4kI8Ie27vjvonwaB2ePh8T'],"[['indie rock', 'modern alternative rock', 'modern rock', 'rock']]",[69],False,[1283178],0.801,0.795,1,-5.115,0,0.0417,0.000113,0.0717,0.754,79.028,163253,4
138,34KSLHLGSNqeK6UfxKnLuM,Billboard 200 Top Albums 2018,139,If You're Reading This It's Too Late,0ptlfJfwGTy0Yvrk14JK1I,2015-02-12,['Drake'],['3TVXtAsR1Inumwj472S9r4'],"[['canadian hip hop', 'canadian pop', 'hip hop', 'rap', 'toronto rap']]",[98],[59845429],Energy,79XrkTOfV1AqySNjVlygpW,73,['Drake'],['3TVXtAsR1Inumwj472S9r4'],"[['canadian hip hop', 'canadian pop', 'hip hop', 'rap', 'toronto rap']]",[98],True,[59845429],0.747,0.571,11,-7.916,1,0.38,0.0,0.534,0.553,172.104,181933,4
139,34KSLHLGSNqeK6UfxKnLuM,Billboard 200 Top Albums 2018,140,KIDS SEE GHOSTS,6pwuKxMUkNg673KETsXPUV,2018-06-08,"['KIDS SEE GHOSTS', 'Kanye West', 'Kid Cudi']","['2hPgGN4uhvXAxiXQBIXOmE', '5K4W6rqBFWDnAN6FQUkS6x', '0fA0VVWsXO9YnASrzqfmYu']","[['hip hop', 'rap'], ['chicago rap', 'rap'], ['hip hop', 'ohio hip hop', 'pop rap', 'rap']]","[66, 95, 87]","[866704, 16004182, 5403769]",Reborn,4RVbK6cV0VqWdpCDcx3hiT,75,['KIDS SEE GHOSTS'],"['2hPgGN4uhvXAxiXQBIXOmE', '5K4W6rqBFWDnAN6FQUkS6x', '0fA0VVWsXO9YnASrzqfmYu']","[['hip hop', 'rap'], ['chicago rap', 'rap'], ['hip hop', 'ohio hip hop', 'pop rap', 'rap']]","[66, 95, 87]",True,"[866704, 16004182, 5403769]",0.585,0.597,0,-7.499,1,0.339,0.0404,0.195,0.227,100.051,324674,4
140,34KSLHLGSNqeK6UfxKnLuM,Billboard 200 Top Albums 2018,141,Issa Album,1GeQZeg77rUX8s0pEiz8jS,2017-09-21,['21 Savage'],['1URnnhqYAYcrqrcwql10ft'],"[['atl hip hop', 'rap', 'trap']]",[89],[10579065],Bank Account,675NeQd7AKLNLzXFqZtF51,48,['21 Savage'],['1URnnhqYAYcrqrcwql10ft'],"[['atl hip hop', 'rap', 'trap']]",[89],False,[10579065],0.881,0.336,8,-8.734,0,0.0223,2.39e-05,0.093,0.342,75.025,220307,4
141,34KSLHLGSNqeK6UfxKnLuM,Billboard 200 Top Albums 2018,142,Everybody,1HiN2YXZcc3EjmVZ4WjfBk,2017-05-05,['Logic'],['4xRYI6VqpkE3UwrDrAZL8L'],"[['conscious hip hop', 'dmv rap', 'hip hop', 'pop rap', 'rap']]",[82],[5589778],1-800-273-8255,5tz69p7tJuGPeMGwNTxYuV,80,"['Logic', 'Alessia Cara', 'Khalid']",['4xRYI6VqpkE3UwrDrAZL8L'],"[['conscious hip hop', 'dmv rap', 'hip hop', 'pop rap', 'rap']]",[82],True,[5589778],0.62,0.574,5,-7.788,0,0.569,0.0,0.19,0.357,100.023,250173,4
142,34KSLHLGSNqeK6UfxKnLuM,Billboard 200 Top Albums 2018,143,The Life Of Pablo,7gsWAHLeT0w7es6FofOXk1,2016-06-10,['Kanye West'],['5K4W6rqBFWDnAN6FQUkS6x'],"[['chicago rap', 'rap']]",[95],[16004182],Famous,19a3JfW8BQwqHWUMbcqSx8,75,['Kanye West'],['5K4W6rqBFWDnAN6FQUkS6x'],"[['chicago rap', 'rap']]",[95],True,[16004182],0.465,0.735,6,-3.715,1,0.0711,0.0,0.0975,0.409,173.935,196040,4
143,34KSLHLGSNqeK6UfxKnLuM,Billboard 200 Top Albums 2018,144,Too Hard,750APP0eKVlcgOxaZnBnVt,2017-12-01,['Lil Baby'],['5f7VJjfbwm532GiveGC0ZK'],"[['atl hip hop', 'atl trap', 'rap', 'trap']]",[93],[9150690],Freestyle,5BbdKBZO0TH0GhfxUfyhL9,78,['Lil Baby'],['5f7VJjfbwm532GiveGC0ZK'],"[['atl hip hop', 'atl trap', 'rap', 'trap']]",[93],True,[9150690],0.877,0.517,2,-5.426,0,0.217,0.0,0.143,0.255,119.996,162053,4
144,34KSLHLGSNqeK6UfxKnLuM,Billboard 200 Top Albums 2018,145,Mr. Davis,1U8ZuyOFM60zrJy41Wts0A,2017-10-12,['Gucci Mane'],['13y7CgLHjMVRMDqxdx0Xdo'],"[['atl hip hop', 'dirty south rap', 'gangster rap', 'hip hop', 'pop rap', 'rap', 'southern hip hop', 'trap']]",[82],[4111522],I Get the Bag (feat. Migos),4XHJPs6KnsRvd9e37mgSa2,40,"['Gucci Mane', 'Migos']",['13y7CgLHjMVRMDqxdx0Xdo'],"[['atl hip hop', 'dirty south rap', 'gangster rap', 'hip hop', 'pop rap', 'rap', 'southern hip hop', 'trap']]",[82],False,[4111522],0.887,0.634,11,-5.515,1,0.0235,0.00154,0.107,0.409,139.99,229867,4
145,34KSLHLGSNqeK6UfxKnLuM,Billboard 200 Top Albums 2018,146,Mamma Mia! Here We Go Again (Original Motion Picture Soundtrack),14hC5eBiPUxdPa90eCzwrR,2018-07-13,['Cast of Mamma Mia! The Movie'],['0GSuGuz8CIQpRZdig9k9Mt'],[['hollywood']],[48],[84508],When I Kissed The Teacher,1WOBzx0R3hyphrI1AUv4Zu,61,"['Lily James', 'Jessica Keenan Wynn', 'Alexa Davies', 'Celia Imrie']",['0GSuGuz8CIQpRZdig9k9Mt'],[['hollywood']],[48],False,[84508],0.536,0.846,3,-4.661,1,0.332,0.0,0.047,0.79,154.744,181533,4
146,34KSLHLGSNqeK6UfxKnLuM,Billboard 200 Top Albums 2018,147,Expectations,4TOkZvtqNpg5UHyGxCn0mS,2018-06-22,['Bebe Rexha'],['64M6ah0SkkRsnPGtGiRAbb'],"[['dance pop', 'edm', 'electropop', 'pop', 'post-teen pop']]",[83],[6933696],Meant to Be (feat. Florida Georgia Line),4e4fqjx0Izh4svvTef1z7e,72,"['Bebe Rexha', 'Florida Georgia Line']",['64M6ah0SkkRsnPGtGiRAbb'],"[['dance pop', 'edm', 'electropop', 'pop', 'post-teen pop']]",[83],False,[6933696],0.642,0.772,10,-6.61,1,0.0476,0.0,0.0646,0.589,153.995,164205,4
147,34KSLHLGSNqeK6UfxKnLuM,Billboard 200 Top Albums 2018,148,13 Reasons Why (Season 2),4RpgjxgSxcRwGNuWnImneN,2018-05-18,"['Selena Gomez', 'OneRepublic', 'YUNGBLUD']","['0C8ZW7ezQVs4URX5aX7Kqx', '5Pwc4xIPtQLFEnJriah9YJ', '6Ad91Jof8Niiw0lGLLi3NW']","[['dance pop', 'pop', 'post-teen pop'], ['dance pop', 'piano rock', 'pop', 'pop rock'], ['british indie rock', 'modern rock', 'pop', 'rock']]","[86, 85, 76]","[32177726, 12926117, 1932834]",lovely (with Khalid),0NxgdbKwdArO2TsRDGedbg,57,"['Billie Eilish', 'Khalid']","['0C8ZW7ezQVs4URX5aX7Kqx', '5Pwc4xIPtQLFEnJriah9YJ', '6Ad91Jof8Niiw0lGLLi3NW']","[['dance pop', 'pop', 'post-teen pop'], ['dance pop', 'piano rock', 'pop', 'pop rock'], ['british indie rock', 'modern rock', 'pop', 'rock']]","[86, 85, 76]",False,"[32177726, 12926117, 1932834]",0.355,0.266,4,-10.226,0,0.937,0.0,0.0938,0.128,114.665,201867,4
148,34KSLHLGSNqeK6UfxKnLuM,Billboard 200 Top Albums 2018,149,Texoma Shore,1Kc7TpYwJQ0mzVAssuWbB0,2017-11-03,['Blake Shelton'],['1UTPBmNbXNTittyMJrNkvw'],"[['contemporary country', 'country', 'country road', 'oklahoma country']]",[80],[6191032],I'll Name the Dogs,609qKv3KPAbdtp0LQH2buA,63,['Blake Shelton'],['1UTPBmNbXNTittyMJrNkvw'],"[['contemporary country', 'country', 'country road', 'oklahoma country']]",[80],False,[6191032],0.348,0.87,4,-5.86,1,0.171,4.4e-06,0.202,0.763,83.392,183640,4
149,34KSLHLGSNqeK6UfxKnLuM,Billboard 200 Top Albums 2018,150,Love Yourself 承 'Her',07Rq17GzCnIdWJcyVHb57G,2017-09-18,['BTS'],['3Nrfpe0tUJi4K4DXYWgMUX'],"[['k-pop', 'k-pop boy group']]",[97],[43535091],DNA,3uRLwBjI2TahxslcMTvpFs,74,['BTS'],['3Nrfpe0tUJi4K4DXYWgMUX'],"[['k-pop', 'k-pop boy group']]",[97],False,[43535091],0.599,0.775,1,-4.018,0,0.0217,0.0,0.0678,0.696,129.817,223123,4
150,34KSLHLGSNqeK6UfxKnLuM,Billboard 200 Top Albums 2018,151,Happy Endings,66Y5XaoFSoa0A4P0u56s8V,2017-08-25,['Old Dominion'],['6y8XlgIV8BLlIg1tT1R10i'],"[['contemporary country', 'country', 'country road']]",[71],[1120181],Written in the Sand,2A69wys3S9uiPSmn6UZWJn,69,['Old Dominion'],['6y8XlgIV8BLlIg1tT1R10i'],"[['contemporary country', 'country', 'country road']]",[71],False,[1120181],0.725,0.438,6,-9.602,1,0.593,0.0,0.0842,0.76,83.984,184080,4
151,34KSLHLGSNqeK6UfxKnLuM,Billboard 200 Top Albums 2018,152,From The Fires,6uSnHSIBGKUiW1uKQLYZ7w,2017-11-10,['Greta Van Fleet'],['4NpFxQe2UvRCAjto3JqlSl'],"[['modern blues rock', 'modern hard rock', 'rock']]",[74],[1850630],Highway Tune,7aOor99o8NNLZYElOXlBG1,73,['Greta Van Fleet'],['4NpFxQe2UvRCAjto3JqlSl'],"[['modern blues rock', 'modern hard rock', 'rock']]",[74],False,[1850630],0.582,0.962,4,-3.037,1,0.0096,0.128,0.283,0.506,123.971,180640,4
152,34KSLHLGSNqeK6UfxKnLuM,Billboard 200 Top Albums 2018,153,Greatest Hits,3RRcYI9ZM3nOiIo3bzaLeJ,1994-10-25,['Bob Seger'],['485uL27bPomh29R4JmQehQ'],"[['album rock', 'blues rock', 'classic rock', 'country rock', 'detroit rock', 'folk rock', 'hard rock', 'heartland rock', 'mellow gold', 'rock', 'soft rock']]",[70],[1538830],Old Time Rock & Roll,0nZg8CjMz7UomYLB4cF97g,40,['Bob Seger'],['485uL27bPomh29R4JmQehQ'],"[['album rock', 'blues rock', 'classic rock', 'country rock', 'detroit rock', 'folk rock', 'hard rock', 'heartland rock', 'mellow gold', 'rock', 'soft rock']]",[70],False,[1538830],0.719,0.931,6,-2.987,1,0.212,0.0,0.0701,0.963,124.126,195454,4
153,34KSLHLGSNqeK6UfxKnLuM,Billboard 200 Top Albums 2018,154,Christmas,3CKVXhODttZebJAzjUs2un,2011-10-14,['Michael Bublé'],['1GxkXlMwML1oSg5eLPiAz3'],"[['adult standards', 'canadian pop', 'jazz pop', 'lounge']]",[93],[4944547],It's Beginning to Look a Lot like Christmas,0lLdorYw7lVrJydTINhWdI,80,['Michael Bublé'],['1GxkXlMwML1oSg5eLPiAz3'],"[['adult standards', 'canadian pop', 'jazz pop', 'lounge']]",[93],False,[4944547],0.339,0.214,4,-11.714,1,0.908,7.47e-06,0.341,0.363,94.775,206640,3
154,34KSLHLGSNqeK6UfxKnLuM,Billboard 200 Top Albums 2018,155,Flower Boy,2nkto6YNI4rUYTLqEwWJ3o,2017-07-21,"['Tyler, The Creator']",['4V8LLVI7PbaPR0K2TGSxFF'],"[['hip hop', 'rap']]",[88],[7653566],See You Again (feat. Kali Uchis),7KA4W4McWYRpgf0fWsJZWB,84,"['Tyler, The Creator', 'Kali Uchis']",['4V8LLVI7PbaPR0K2TGSxFF'],"[['hip hop', 'rap']]",[88],True,[7653566],0.558,0.559,6,-9.222,1,0.371,7.49e-06,0.109,0.62,78.558,180387,4
155,34KSLHLGSNqeK6UfxKnLuM,Billboard 200 Top Albums 2018,156,Mothership (Remastered),4wExFfncaUIqSgoxnqa3Eh,2007,['Led Zeppelin'],['36QJpDe2go2KgaRleHCDTp'],"[['album rock', 'classic rock', 'hard rock', 'rock']]",[81],[11631347],Stairway to Heaven - Remaster,12wlYeErSUNGg1B5d64077,53,['Led Zeppelin'],['36QJpDe2go2KgaRleHCDTp'],"[['album rock', 'classic rock', 'hard rock', 'rock']]",[81],False,[11631347],0.338,0.332,9,-12.254,0,0.609,0.00432,0.142,0.204,81.957,485013,4
156,34KSLHLGSNqeK6UfxKnLuM,Billboard 200 Top Albums 2018,157,Purpose (Deluxe),6Fr2rQkZ383FcMqFyT7yPr,2015-11-13,['Justin Bieber'],['1uNFoZAHBGtllmzznpCI3s'],"[['canadian pop', 'pop']]",[98],[54848934],Love Yourself,50kpGaPAhYJ3sGmk6vplg0,85,['Justin Bieber'],['1uNFoZAHBGtllmzznpCI3s'],"[['canadian pop', 'pop']]",[98],False,[54848934],0.609,0.378,4,-9.828,1,0.835,0.0,0.28,0.515,100.418,233720,4
157,34KSLHLGSNqeK6UfxKnLuM,Billboard 200 Top Albums 2018,158,Still Striving,0tQ7Iu6EicQTPyhYRNWjaT,2017-08-18,['A$AP Ferg'],['5dHt1vcEm9qb8fCyLcB3HL'],"[['hip hop', 'pop rap', 'rap', 'southern hip hop', 'trap', 'underground hip hop']]",[77],[3195366],Plain Jane,4dVpf9jZjcORqGTLUaeYj9,77,['A$AP Ferg'],['5dHt1vcEm9qb8fCyLcB3HL'],"[['hip hop', 'pop rap', 'rap', 'southern hip hop', 'trap', 'underground hip hop']]",[77],True,[3195366],0.797,0.844,11,-5.482,1,0.0651,0.0,0.087,0.52,170.142,173600,4
158,34KSLHLGSNqeK6UfxKnLuM,Billboard 200 Top Albums 2018,159,Tangled Up,4ykbJPI8MPscFzROE8dqLy,2015-01-01,['Thomas Rhett'],['6x2LnllRG5uGarZMsD4iO8'],"[['contemporary country', 'country', 'country road', 'modern country rock']]",[77],[3992741],Die A Happy Man,5kNe7PE09d6Kvw5pAsx23n,75,['Thomas Rhett'],['6x2LnllRG5uGarZMsD4iO8'],"[['contemporary country', 'country', 'country road', 'modern country rock']]",[77],False,[3992741],0.595,0.389,2,-9.245,1,0.418,1.39e-06,0.116,0.4,166.052,227427,4
159,34KSLHLGSNqeK6UfxKnLuM,Billboard 200 Top Albums 2018,160,Grateful,3HhZbSJdhOqMSaRbEt3gtw,2017-06-22,['DJ Khaled'],['0QHgL1lAIqAw0HtD7YldmP'],"[['dance pop', 'hip hop', 'miami hip hop', 'pop', 'pop rap', 'rap', 'southern hip hop', 'trap']]",[82],[6882995],"I'm the One (feat. Justin Bieber, Quavo, Chance the Rapper & Lil Wayne)",1jYiIOC5d6soxkJP81fxq2,67,"['DJ Khaled', 'Justin Bieber', 'Quavo', 'Chance the Rapper', 'Lil Wayne']",['0QHgL1lAIqAw0HtD7YldmP'],"[['dance pop', 'hip hop', 'miami hip hop', 'pop', 'pop rap', 'rap', 'southern hip hop', 'trap']]",[82],True,[6882995],0.599,0.667,7,-4.267,1,0.0533,0.0,0.134,0.817,80.984,288877,4
160,34KSLHLGSNqeK6UfxKnLuM,Billboard 200 Top Albums 2018,161,"Love, Simon (Original Motion Picture Soundtrack)",1JHZTusMlrbbTBC3xHt2Gw,2018-03-16,['Various Artists'],['0LyfQWJT6nXafLPZqxe9Of'],[[]],[0],[1422955],I Wanna Dance with Somebody (Who Loves Me),1V3EGOpwOHo5auReR2QjRJ,34,['Whitney Houston'],['0LyfQWJT6nXafLPZqxe9Of'],[[]],[0],False,[1422955],0.709,0.85,1,-6.773,1,0.109,0.000439,0.0891,0.877,118.814,290960,4
161,34KSLHLGSNqeK6UfxKnLuM,Billboard 200 Top Albums 2018,162,Dangerous Woman,5X7x18kW3mVIvnuNeedM6b,2016-05-20,['Ariana Grande'],['66CXWjxzNUsdJxJ2JdwvnR'],"[['dance pop', 'pop']]",[96],[73920087],Side To Side,4HeCFqiB1rBqGqvE10rF1a,65,"['Ariana Grande', 'Nicki Minaj']",['66CXWjxzNUsdJxJ2JdwvnR'],"[['dance pop', 'pop']]",[96],True,[73920087],0.644,0.723,6,-6.278,0,0.0198,0.0,0.228,0.616,159.17,226173,4
162,34KSLHLGSNqeK6UfxKnLuM,Billboard 200 Top Albums 2018,163,Abbey Road (Remastered),0ETFjACtuP2ADo6LFhL6HN,1969-09-26,['The Beatles'],['3WrFJ7ztbogyGnTHbHJFl2'],"[['beatlesque', 'british invasion', 'classic rock', 'merseybeat', 'psychedelic rock', 'rock']]",[90],[21540301],Here Comes The Sun - Remastered 2009,6dGnYIeXmHdcikdzNNDMm2,84,['The Beatles'],['3WrFJ7ztbogyGnTHbHJFl2'],"[['beatlesque', 'british invasion', 'classic rock', 'merseybeat', 'psychedelic rock', 'rock']]",[90],False,[21540301],0.557,0.54,9,-10.484,1,0.0339,0.00248,0.179,0.394,129.171,185733,4
163,34KSLHLGSNqeK6UfxKnLuM,Billboard 200 Top Albums 2018,164,A Love Letter To You,7ae73nWyKrrH9wwGm97RIA,2017-05-14,['Trippie Redd'],['6Xgp2XMz1fhVYe7i6yNAax'],"[['melodic rap', 'rap', 'trap']]",[89],[7045660],Love Scars,0AICBlLzFCTpUqmAbtzB2z,76,['Trippie Redd'],['6Xgp2XMz1fhVYe7i6yNAax'],"[['melodic rap', 'rap', 'trap']]",[89],True,[7045660],0.659,0.614,9,-7.32,0,0.000404,0.0,0.123,0.26,119.405,143969,4
164,34KSLHLGSNqeK6UfxKnLuM,Billboard 200 Top Albums 2018,165,Blonde,3mH6qwIy9crq0I9YQbOuDf,2016-08-20,['Frank Ocean'],['2h93pZq0e7k5yf4dywlkpM'],"[['alternative r&b', 'hip hop', 'lgbtq+ hip hop', 'neo soul', 'pop']]",[85],[8688843],Nights,7eqoqGkKwgOaWNNHx90uEZ,80,['Frank Ocean'],['2h93pZq0e7k5yf4dywlkpM'],"[['alternative r&b', 'hip hop', 'lgbtq+ hip hop', 'neo soul', 'pop']]",[85],True,[8688843],0.466,0.548,5,-9.362,0,0.42,1.01e-06,0.113,0.423,89.815,307151,4
165,34KSLHLGSNqeK6UfxKnLuM,Billboard 200 Top Albums 2018,166,The Mountain,45fVgJb5lmzatX9VZ4yzSO,2018-06-08,['Dierks Bentley'],['7x8nK0m0cP2ksQf0mjWdPS'],"[['contemporary country', 'country', 'country road']]",[73],[2685525],Burning Man,4a1oIihVt6xSnDRpgX387M,67,"['Dierks Bentley', 'Brothers Osborne']",['7x8nK0m0cP2ksQf0mjWdPS'],"[['contemporary country', 'country', 'country road']]",[73],False,[2685525],0.609,0.807,5,-7.221,1,0.00403,5.42e-06,0.0926,0.492,119.073,238493,4
166,34KSLHLGSNqeK6UfxKnLuM,Billboard 200 Top Albums 2018,167,And Justice for None (Deluxe),440w9VaZP1M7FnfMdHapR3,2018-05-18,['Five Finger Death Punch'],['5t28BP42x2axFnqOOMg3CM'],"[['alternative metal', 'groove metal', 'nu metal']]",[78],[5220767],Gone Away,57nTFMsSiVATCDPZm9JF4S,63,['Five Finger Death Punch'],['5t28BP42x2axFnqOOMg3CM'],"[['alternative metal', 'groove metal', 'nu metal']]",[78],False,[5220767],0.502,0.737,10,-7.572,1,0.000374,5.07e-05,0.153,0.277,106.05,275213,4
167,34KSLHLGSNqeK6UfxKnLuM,Billboard 200 Top Albums 2018,168,Greatest Hits,1WBZyULtlANBKed7Zf9cDP,1998-01-01,['2Pac'],['1ZwdS5xdxEREPySFridCfh'],"[['g funk', 'gangster rap', 'hip hop', 'rap', 'west coast rap']]",[82],[11808842],California Love - Original Version,3ia3dJETSOllPsv3LJkE35,77,"['2Pac', 'Roger', 'Dr. Dre']",['1ZwdS5xdxEREPySFridCfh'],"[['g funk', 'gangster rap', 'hip hop', 'rap', 'west coast rap']]",[82],True,[11808842],0.763,0.85,7,-3.052,1,0.0304,1.21e-06,0.371,0.761,91.519,284907,4
168,34KSLHLGSNqeK6UfxKnLuM,Billboard 200 Top Albums 2018,169,Greatest Hits,53tvjWbVNZKd3CvpENkzOC,2003-11-18,['Red Hot Chili Peppers'],['0L8ExT028jH3ddEcZwqJJ5'],"[['alternative rock', 'funk metal', 'funk rock', 'permanent wave', 'rock']]",[85],[17285639],Under the Bridge,23NPGXlSaIqWzvxIRhM2oG,62,['Red Hot Chili Peppers'],['0L8ExT028jH3ddEcZwqJJ5'],"[['alternative rock', 'funk metal', 'funk rock', 'permanent wave', 'rock']]",[85],False,[17285639],0.554,0.49,4,-8.046,1,0.0168,0.000534,0.136,0.513,84.275,265507,4
169,34KSLHLGSNqeK6UfxKnLuM,Billboard 200 Top Albums 2018,170,Flicker (Deluxe),7ahctQBwcSxDdP0fRAPo2p,2017-10-20,['Niall Horan'],['1Hsdzj7Dlq2I7tHP7501T4'],"[['dance pop', 'pop', 'post-teen pop']]",[81],[8078110],Slow Hands,2cOUlop2ZakjOKe4WinesN,78,['Niall Horan'],['1Hsdzj7Dlq2I7tHP7501T4'],"[['dance pop', 'pop', 'post-teen pop']]",[81],False,[8078110],0.735,0.425,0,-6.648,1,0.011,0.0,0.055,0.848,85.896,188174,4
170,34KSLHLGSNqeK6UfxKnLuM,Billboard 200 Top Albums 2018,171,Hybrid Theory,2pKw6GERJVAD61449B1EEM,2000-10-24,['Linkin Park'],['6XyY86QOPPrYVGvF9ch6wz'],"[['alternative metal', 'nu metal', 'post-grunge', 'rap metal']]",[87],[20780804],In the End,3tSmXSxaAnU1EPGKa6NytH,66,['Linkin Park'],['6XyY86QOPPrYVGvF9ch6wz'],"[['alternative metal', 'nu metal', 'post-grunge', 'rap metal']]",[87],False,[20780804],0.555,0.844,3,-6.567,0,0.00834,0.0,0.0895,0.464,105.195,216800,4
171,34KSLHLGSNqeK6UfxKnLuM,Billboard 200 Top Albums 2018,172,GEMINI,72qA6s4fjF8Y2VX1UDMfp2,2017-09-22,['Macklemore'],['3JhNCzhSMTxs9WLGJJxWOY'],"[['pop rap', 'seattle hip hop']]",[78],[1813446],Glorious (feat. Skylar Grey),0CokSRCu5hZgPxcZBaEzVE,77,"['Macklemore', 'Skylar Grey']",['3JhNCzhSMTxs9WLGJJxWOY'],"[['pop rap', 'seattle hip hop']]",[78],True,[1813446],0.731,0.794,0,-5.126,0,0.0323,2.59e-05,0.112,0.356,139.994,220454,4
172,34KSLHLGSNqeK6UfxKnLuM,Billboard 200 Top Albums 2018,173,STAY DANGEROUS,5IYvKd22yQkJRfoIStesbX,2018-08-03,['YG'],['0A0FS04o6zMoto8OKPsDwY'],"[['cali rap', 'gangster rap', 'hip hop', 'pop rap', 'rap', 'southern hip hop', 'trap']]",[79],[2739341],"BIG BANK (feat. 2 Chainz, Big Sean, Nicki Minaj)",0ZNrc4kNeQYD9koZ3KvCsy,71,"['YG', '2 Chainz', 'Big Sean', 'Nicki Minaj']",['0A0FS04o6zMoto8OKPsDwY'],"[['cali rap', 'gangster rap', 'hip hop', 'pop rap', 'rap', 'southern hip hop', 'trap']]",[79],True,[2739341],0.745,0.346,1,-7.709,1,0.00552,0.0,0.0881,0.112,203.911,237240,4
173,34KSLHLGSNqeK6UfxKnLuM,Billboard 200 Top Albums 2018,174,READY,3o09FMrUQ5TVBUYb6msCMi,2017-02-22,['Ella Mai'],['7HkdQ0gt53LP4zmHsL0nap'],"[['dance pop', 'pop', 'pop r&b', 'pop rap', 'r&b', 'uk contemporary r&b', 'urban contemporary']]",[73],[4037848],Boo'd Up,0At2qAoaVjIwWNAqrscXli,72,['Ella Mai'],['7HkdQ0gt53LP4zmHsL0nap'],"[['dance pop', 'pop', 'pop r&b', 'pop rap', 'r&b', 'uk contemporary r&b', 'urban contemporary']]",[73],False,[4037848],0.561,0.779,10,-5.107,0,0.0862,0.0,0.078,0.235,81.965,256064,4
174,34KSLHLGSNqeK6UfxKnLuM,Billboard 200 Top Albums 2018,175,Egypt Station,3uLrSFrNqa8CULSIU7e9v5,2018-09-07,['Paul McCartney'],['4STHEaNw4mPZ2tzheohgXB'],"[['album rock', 'beatlesque', 'classic rock', 'mellow gold', 'rock', 'soft rock']]",[81],[3812806],Come On To Me,4s5yT9UpT01SQosyMM777r,47,['Paul McCartney'],['4STHEaNw4mPZ2tzheohgXB'],"[['album rock', 'beatlesque', 'classic rock', 'mellow gold', 'rock', 'soft rock']]",[81],False,[3812806],0.675,0.874,0,-3.294,1,0.0357,0.0,0.148,0.789,93.284,250548,4
175,34KSLHLGSNqeK6UfxKnLuM,Billboard 200 Top Albums 2018,176,The Rest of Our Life,4VKhC1dO9LPiKc1N7TJHRx,2017-11-17,"['Tim McGraw', 'Faith Hill']","['6roFdX1y5BYSbp60OTJWMd', '25NQNriVT2YbSW80ILRWJa']","[['contemporary country', 'country', 'country road'], ['contemporary country', 'country', 'country dawn', 'country road', 'dance pop']]","[75, 71]","[3820410, 1456525]",The Rest of Our Life,19P6cJstaoQJHtHW3HOGcg,62,"['Tim McGraw', 'Faith Hill']","['6roFdX1y5BYSbp60OTJWMd', '25NQNriVT2YbSW80ILRWJa']","[['contemporary country', 'country', 'country road'], ['contemporary country', 'country', 'country dawn', 'country road', 'dance pop']]","[75, 71]",False,"[3820410, 1456525]",0.617,0.468,2,-6.908,1,0.65,0.0,0.141,0.333,119.921,225360,3
176,34KSLHLGSNqeK6UfxKnLuM,Billboard 200 Top Albums 2018,177,YSIV,1lyjkFTJ6yxUyNYysWVBo9,2018-09-28,['Logic'],['4xRYI6VqpkE3UwrDrAZL8L'],"[['conscious hip hop', 'dmv rap', 'hip hop', 'pop rap', 'rap']]",[82],[5589778],One Day (ft. Ryan Tedder),7rKKh8AGVXuNXgLBpTBTFH,49,"['Logic', 'Ryan Tedder']",['4xRYI6VqpkE3UwrDrAZL8L'],"[['conscious hip hop', 'dmv rap', 'hip hop', 'pop rap', 'rap']]",[82],True,[5589778],0.546,0.871,10,-5.81,1,0.139,8.28e-05,0.104,0.303,189.723,198107,4
177,34KSLHLGSNqeK6UfxKnLuM,Billboard 200 Top Albums 2018,178,AI YoungBoy,278c24ae4JsSRpOEzlaghQ,2017-08-04,['YoungBoy Never Broke Again'],['7wlFDEWiM5OoIAt8RSli8b'],"[['baton rouge rap', 'trap']]",[87],[8006717],No Smoke,57IRaiAB4hBZu3gnNVZC0v,66,['YoungBoy Never Broke Again'],['7wlFDEWiM5OoIAt8RSli8b'],"[['baton rouge rap', 'trap']]",[87],True,[8006717],0.658,0.736,9,-6.097,0,0.113,0.0,0.0978,0.804,143.966,160000,4
178,34KSLHLGSNqeK6UfxKnLuM,Billboard 200 Top Albums 2018,179,21,0Lg1uZvI312TPqxNWShFXL,2011-01-24,['Adele'],['4dpARuHxo51G3z768sgnrY'],"[['british soul', 'pop', 'pop soul', 'uk pop']]",[96],[32617041],Someone Like You,1zwMYTA5nlNjZxYrvBB2pV,82,['Adele'],['4dpARuHxo51G3z768sgnrY'],"[['british soul', 'pop', 'pop soul', 'uk pop']]",[96],False,[32617041],0.556,0.319,9,-8.251,1,0.893,0.0,0.0996,0.294,135.187,285240,4
179,34KSLHLGSNqeK6UfxKnLuM,Billboard 200 Top Albums 2018,180,I Can Only Imagine (The Very Best of Mercyme),59otDm8VOY0qYT51x4kgzu,2018-02-02,['MercyMe'],['6APm8EjxOHSYM5B4i3vT3q'],"[['ccm', 'christian alternative rock', 'christian indie', 'christian music', 'worship']]",[65],[1347012],I Can Only Imagine,3uMBM9QJsJaxXYNb57QpUA,17,['MercyMe'],['6APm8EjxOHSYM5B4i3vT3q'],"[['ccm', 'christian alternative rock', 'christian indie', 'christian music', 'worship']]",[65],False,[1347012],0.405,0.587,4,-6.115,1,0.0785,0.0,0.0816,0.154,159.513,250760,4
180,34KSLHLGSNqeK6UfxKnLuM,Billboard 200 Top Albums 2018,181,Aura,0SukGZiXMtmsZoxstkBtNR,2018-08-24,['Ozuna'],['1i8SpTcr7yvPOmcqrbnVXY'],"[['latin', 'puerto rican pop', 'reggaeton', 'trap latino']]",[91],[30673405],Vaina Loca,48zFZh27QU5qsrBjn4C2FA,75,"['Ozuna', 'Manuel Turizo']",['1i8SpTcr7yvPOmcqrbnVXY'],"[['latin', 'puerto rican pop', 'reggaeton', 'trap latino']]",[91],False,[30673405],0.754,0.805,6,-4.249,1,0.315,0.0,0.203,0.555,93.982,176133,4
181,34KSLHLGSNqeK6UfxKnLuM,Billboard 200 Top Albums 2018,182,Luca Brasi 3,0iU6k5p5NFNbAc1MOFMusJ,2018-09-28,['Kevin Gates'],['1gPhS1zisyXr5dHTYZyiMe'],"[['baton rouge rap', 'pop rap', 'rap', 'southern hip hop', 'trap']]",[80],[4688973],Me Too,3yXFcbGxFn2au5q3pShkAe,70,['Kevin Gates'],['1gPhS1zisyXr5dHTYZyiMe'],"[['baton rouge rap', 'pop rap', 'rap', 'southern hip hop', 'trap']]",[80],True,[4688973],0.726,0.605,7,-5.002,1,0.152,0.0,0.642,0.36,139.233,202301,4
182,34KSLHLGSNqeK6UfxKnLuM,Billboard 200 Top Albums 2018,183,Ripcord,1IbfOjLqUSkhtXLpX31WZq,2016-05-06,['Keith Urban'],['0u2FHSq3ln94y5Q57xazwf'],"[['australian country', 'australian pop', 'contemporary country', 'country', 'country road']]",[75],[4480223],Blue Ain't Your Color,6wycnu8FWXsj68ig7BEot9,70,['Keith Urban'],['0u2FHSq3ln94y5Q57xazwf'],"[['australian country', 'australian pop', 'contemporary country', 'country', 'country road']]",[75],False,[4480223],0.69,0.416,7,-7.865,1,0.617,1.37e-06,0.102,0.479,82.45,230600,3
183,34KSLHLGSNqeK6UfxKnLuM,Billboard 200 Top Albums 2018,184,Fifty Shades Freed (Original Motion Picture Soundtrack),4w0N1CaZwQ5RPIuawqlYyy,2018-02-09,['Various Artists'],['0LyfQWJT6nXafLPZqxe9Of'],[[]],[0],[1422955],Heaven,1T575AhHueYinKSDflEsGK,74,['Julia Michaels'],['0LyfQWJT6nXafLPZqxe9Of'],[[]],[0],False,[1422955],0.552,0.371,7,-9.104,0,0.857,0.0,0.0838,0.245,199.843,191787,3
184,34KSLHLGSNqeK6UfxKnLuM,Billboard 200 Top Albums 2018,185,FUTURE,17FBoXK1NU2rvJBbzdzw0r,2017-06-30,['Future'],['1RyvyyTE3xzB2ZywiAwp0i'],"[['atl hip hop', 'hip hop', 'pop rap', 'rap', 'southern hip hop', 'trap']]",[91],[10978631],Mask Off,0VgkVdmE4gld66l8iyGjgx,83,['Future'],['1RyvyyTE3xzB2ZywiAwp0i'],"[['atl hip hop', 'hip hop', 'pop rap', 'rap', 'southern hip hop', 'trap']]",[91],True,[10978631],0.833,0.434,2,-8.795,1,0.0102,0.0219,0.165,0.281,150.062,204600,4
185,34KSLHLGSNqeK6UfxKnLuM,Billboard 200 Top Albums 2018,186,Speak Your Mind (Deluxe),7lPoGKpCGgdKFAxpudhAH5,2018-04-27,['Anne-Marie'],['1zNqDE7qDGCsyzJwohVaoX'],"[['dance pop', 'pop', 'post-teen pop', 'tropical house', 'uk pop']]",[82],[8905830],Rockabye (feat. Sean Paul & Anne-Marie),3fvY2U1AzW0diYF0hnBbKt,55,"['Clean Bandit', 'Sean Paul', 'Anne-Marie']",['1zNqDE7qDGCsyzJwohVaoX'],"[['dance pop', 'pop', 'post-teen pop', 'tropical house', 'uk pop']]",[82],False,[8905830],0.724,0.759,9,-3.996,0,0.412,0.0,0.437,0.765,101.946,250456,4
186,34KSLHLGSNqeK6UfxKnLuM,Billboard 200 Top Albums 2018,187,Reloaded: 20 #1 Hits,0ujKXmDetsmfjNvmwW546y,2015-10-23,['Blake Shelton'],['1UTPBmNbXNTittyMJrNkvw'],"[['contemporary country', 'country', 'country road', 'oklahoma country']]",[80],[6191032],Sangria,0U1Er7jhnFOePHGrlZo2E8,36,['Blake Shelton'],['1UTPBmNbXNTittyMJrNkvw'],"[['contemporary country', 'country', 'country road', 'oklahoma country']]",[80],False,[6191032],0.646,0.724,9,-6.96,1,0.017,1.39e-06,0.153,0.54,115.984,233480,4
187,34KSLHLGSNqeK6UfxKnLuM,Billboard 200 Top Albums 2018,188,East Atlanta Love Letter,3fc97ZWLIMc1xawhxbKrh2,2018-09-14,['6LACK'],['4IVAbR2w4JJNJDDRFP3E83'],"[['alternative r&b', 'atl hip hop', 'hip hop', 'melodic rap', 'r&b', 'rap', 'trap']]",[82],[3286843],Pretty Little Fears (feat. J. Cole),4at3d5QWnlibMVN75ECDrp,78,"['6LACK', 'J. Cole']",['4IVAbR2w4JJNJDDRFP3E83'],"[['alternative r&b', 'atl hip hop', 'hip hop', 'melodic rap', 'r&b', 'rap', 'trap']]",[82],True,[3286843],0.61,0.458,9,-11.336,1,0.696,0.000103,0.0852,0.246,192.099,240342,4
188,34KSLHLGSNqeK6UfxKnLuM,Billboard 200 Top Albums 2018,189,Back In Black,6mUdeDZCsExyJLMdAfDuwh,1980-07-25,['AC/DC'],['711MCceyCBcFnzjGY4Q7Un'],"[['australian rock', 'hard rock', 'rock']]",[85],[21816157],Back In Black,08mG3Y1vljYA6bvDt4Wqkj,86,['AC/DC'],['711MCceyCBcFnzjGY4Q7Un'],"[['australian rock', 'hard rock', 'rock']]",[85],False,[21816157],0.31,0.7,9,-5.678,1,0.011,0.00965,0.0828,0.763,188.386,255493,4
189,34KSLHLGSNqeK6UfxKnLuM,Billboard 200 Top Albums 2018,190,Thriller,2ANVost0y2y52ema1E9xAZ,1982-11-30,['Michael Jackson'],['3fMbdgg4jU18AjLCKBhRSm'],"[['pop', 'r&b', 'soul']]",[85],[21137344],Billie Jean,7J1uxwnxfQLu4APicE5Rnj,66,['Michael Jackson'],['3fMbdgg4jU18AjLCKBhRSm'],"[['pop', 'r&b', 'soul']]",[85],False,[21137344],0.932,0.457,11,-9.62,0,0.0173,0.0436,0.0414,0.884,117.002,294227,4
190,34KSLHLGSNqeK6UfxKnLuM,Billboard 200 Top Albums 2018,191,Pretty Girls Like Trap Music,5vvvo79z68vWj9yimoygfS,2017-06-16,['2 Chainz'],['17lzZA2AlOHwCwFALHttmp'],"[['atl hip hop', 'gangster rap', 'hip hop', 'pop rap', 'rap', 'southern hip hop', 'trap']]",[82],[6818173],It's A Vibe,6H0AwSQ20mo62jGlPGB8S6,75,"['2 Chainz', 'Ty Dolla $ign', 'Trey Songz', 'Jhené Aiko']",['17lzZA2AlOHwCwFALHttmp'],"[['atl hip hop', 'gangster rap', 'hip hop', 'pop rap', 'rap', 'southern hip hop', 'trap']]",[82],True,[6818173],0.822,0.502,7,-7.38,1,0.0312,0.000887,0.114,0.525,73.003,210200,4
191,34KSLHLGSNqeK6UfxKnLuM,Billboard 200 Top Albums 2018,192,QUAVO HUNCHO,2DjfazR5N3TgXBQ7oVALA1,2018-10-12,['Quavo'],['0VRj0yCOv2FXJNP47XQnx5'],"[['atl hip hop', 'hip hop', 'melodic rap', 'pop rap', 'rap', 'southern hip hop', 'trap']]",[83],[5416045],WORKIN ME,4MAsYGSgxsaj73dC2lvFC4,61,['Quavo'],['0VRj0yCOv2FXJNP47XQnx5'],"[['atl hip hop', 'hip hop', 'melodic rap', 'pop rap', 'rap', 'southern hip hop', 'trap']]",[83],True,[5416045],0.792,0.657,8,-4.245,1,0.205,4.1e-06,0.196,0.228,169.969,169657,4
192,34KSLHLGSNqeK6UfxKnLuM,Billboard 200 Top Albums 2018,193,Dancing Queen,5EM2ZGVQ4MZOA1iICy9vDc,2018-09-28,['Cher'],['72OaDtakiy6yFqkt4TsiFt'],"[['dance pop', 'hollywood', 'new wave pop']]",[72],[2343990],Fernando,1jTPgK0J8zKcdbD6qUoiN0,49,['Cher'],['72OaDtakiy6yFqkt4TsiFt'],"[['dance pop', 'hollywood', 'new wave pop']]",[72],False,[2343990],0.404,0.663,9,-5.574,1,0.484,0.0,0.251,0.569,111.03,237093,4
193,34KSLHLGSNqeK6UfxKnLuM,Billboard 200 Top Albums 2018,194,Simi,6NrsgXTJ3x2RRR8b0v2M7S,2018-05-04,['BlocBoy JB'],['4TEJudQY2pXxVHPE3gD2EU'],"[['memphis hip hop', 'pop rap', 'rap', 'southern hip hop', 'tennessee hip hop', 'trap', 'vapor trap']]",[66],[1337998],Look Alive (feat. Drake),6HJ34Zyw6bg8yGm28AxLXf,40,"['BlocBoy JB', 'Drake']",['4TEJudQY2pXxVHPE3gD2EU'],"[['memphis hip hop', 'pop rap', 'rap', 'southern hip hop', 'tennessee hip hop', 'trap', 'vapor trap']]",[66],True,[1337998],0.918,0.58,10,-7.501,1,0.00108,6.12e-05,0.106,0.611,139.977,181415,4
194,34KSLHLGSNqeK6UfxKnLuM,Billboard 200 Top Albums 2018,195,The Fate of the Furious: The Album,2FoY0AdBnIYxOH7Z2arD89,2017-04-14,['Various Artists'],['0LyfQWJT6nXafLPZqxe9Of'],[[]],[0],[1422955],Candy Paint,4wdZdkEugVVorAfzqRqC6N,52,['Post Malone'],['0LyfQWJT6nXafLPZqxe9Of'],[[]],[0],True,[1422955],0.672,0.684,4,-5.468,1,0.604,0.0,0.081,0.428,180.008,229053,4
195,34KSLHLGSNqeK6UfxKnLuM,Billboard 200 Top Albums 2018,196,Revenge,3vpXJ54S3MXLyzysw8qq7c,2017-05-16,['XXXTENTACION'],['15UsOTVnJzReFVN1VCnxy4'],"[['emo rap', 'miami hip hop']]",[91],[33466773],Look At Me!,6eYxmK9fdL4hwLnXG2zY3s,64,['XXXTENTACION'],['15UsOTVnJzReFVN1VCnxy4'],"[['emo rap', 'miami hip hop']]",[91],True,[33466773],0.763,0.726,1,-6.405,1,0.259,0.0,0.0976,0.349,139.059,126346,4
196,34KSLHLGSNqeK6UfxKnLuM,Billboard 200 Top Albums 2018,197,That's Christmas To Me (Deluxe Edition),082VlX7cBth0o8xqDGclNn,2015-10-30,['Pentatonix'],['26AHtbjWKiwYzsoGoUZq53'],[['a cappella']],[86],[3196035],"Mary, Did You Know?",4z8sz6E4YyFuEkv5o7IJni,80,['Pentatonix'],['26AHtbjWKiwYzsoGoUZq53'],[['a cappella']],[86],False,[3196035],0.497,0.312,11,-9.088,0,0.302,0.0,0.0968,0.177,105.036,203373,4
197,34KSLHLGSNqeK6UfxKnLuM,Billboard 200 Top Albums 2018,198,MANIA,16xtTZvPH6PXcwSqYqJHHG,2018-01-19,['Fall Out Boy'],['4UXqAaa6dQYAk18Lv7PEgX'],"[['emo', 'modern rock', 'rock']]",[82],[9227991],The Last Of The Real Ones,1f6xYh2HSx8ttCjl4Pckep,62,['Fall Out Boy'],['4UXqAaa6dQYAk18Lv7PEgX'],"[['emo', 'modern rock', 'rock']]",[82],False,[9227991],0.579,0.872,8,-5.294,1,0.00594,0.0,0.192,0.557,115.043,230400,4
198,34KSLHLGSNqeK6UfxKnLuM,Billboard 200 Top Albums 2018,199,Live in No Shoes Nation,2njb3cHa1yhUMdu8PT2VhY,2017-10-27,['Kenny Chesney'],['3grHWM9bx2E9vwJCdlRv9O'],"[['contemporary country', 'country', 'country road']]",[75],[3714707],Summertime - Live,1ZEAI3d2SmZlbFxtu5YLWP,39,['Kenny Chesney'],['3grHWM9bx2E9vwJCdlRv9O'],"[['contemporary country', 'country', 'country road']]",[75],False,[3714707],0.371,0.988,9,-4.79,1,0.0108,0.000155,0.959,0.263,168.035,268093,4
199,34KSLHLGSNqeK6UfxKnLuM,Billboard 200 Top Albums 2018,200,MEMORIES DON'T DIE,4RQIHpmmapmEpOFNi2GvAB,2018-03-02,['Tory Lanez'],['2jku7tDXc6XoB6MO2hFuqg'],"[['canadian hip hop', 'canadian trap', 'melodic rap', 'pop rap', 'r&b', 'rap', 'toronto rap', 'trap']]",[85],[4117805],Shooters,6TrjaOqUwdKQ7KNxJr2s9Y,63,['Tory Lanez'],['2jku7tDXc6XoB6MO2hFuqg'],"[['canadian hip hop', 'canadian trap', 'melodic rap', 'pop rap', 'r&b', 'rap', 'toronto rap', 'trap']]",[85],True,[4117805],0.639,0.547,7,-6.237,0,0.115,0.0,0.373,0.117,129.939,208173,4
